timestamp,it_rpm,it_temp_c,it_pressure_bar,it_vibration_mms,physical_rpm,physical_temp_c,physical_pressure_bar,physical_vibration_mms,attack_mode,label
2025-01-02T00:00:00,1188.68,289.33,71.71,0.1203,1243.04,284.33,65.46,0.1275,0,normal
2025-01-02T00:00:00.500000,1230.12,277.17,70.5,0.1273,1213.92,285.04,70.47,0.1126,0,normal
2025-01-02T00:00:01,1195.33,289.17,71.98,0.1222,1305.94,278.38,73.09,0.1272,0,normal
2025-01-02T00:00:01.500000,1177.61,285.76,74.7,0.1188,1264.1,283.39,78.48,0.1082,0,normal
2025-01-02T00:00:02,1201.56,278.68,70.99,0.1175,1183.98,271.45,71.74,0.1233,0,normal
2025-01-02T00:00:02.500000,1163.23,282.29,75.66,0.1212,1090.94,269.03,72.81,0.1207,0,normal
2025-01-02T00:00:03,1185.9,294.38,75.77,0.119,1252.38,295.52,75.8,0.1154,0,normal
2025-01-02T00:00:03.500000,1246.55,284.71,72.61,0.12,1191.62,288.17,67.73,0.1058,0,normal
2025-01-02T00:00:04,1194.88,281.24,72.79,0.1216,1200.81,301.89,71.98,0.1095,0,normal
2025-01-02T00:00:04.500000,1194.63,290.01,69.29,0.1197,1234.53,315.24,76.35,0.121,0,normal
2025-01-02T00:00:05,1212.5,276.89,70.49,0.1223,1209.67,288.29,72.12,0.12,0,normal
2025-01-02T00:00:05.500000,1202.47,280.49,71.67,0.1155,1162.82,298.63,71.35,0.1243,0,normal
2025-01-02T00:00:06,1202.77,283.35,70.55,0.1186,1210.99,291.61,72.44,0.1247,0,normal
2025-01-02T00:00:06.500000,1163.52,288.7,70.38,0.1235,1230.14,263.68,74.65,0.1272,0,normal
2025-01-02T00:00:07,1230.19,281.71,72.26,0.1225,1244.18,289.67,70.46,0.1271,0,normal
2025-01-02T00:00:07.500000,1223.85,284.34,70.87,0.1174,1281.89,295.84,71.93,0.1186,0,normal
2025-01-02T00:00:08,1157.56,284.64,70.28,0.1206,1271.11,273.82,72.86,0.1272,0,normal
2025-01-02T00:00:08.500000,1205.29,282.76,72.01,0.1234,1215.75,284.96,76.16,0.1237,0,normal
2025-01-02T00:00:09,1171.13,287.7,73.37,0.1155,1063.88,273.12,71.63,0.1273,0,normal
2025-01-02T00:00:09.500000,1178.62,287.37,67.83,0.1206,1175.6,308.92,65.19,0.1199,0,normal
2025-01-02T00:00:10,1154.44,282.65,69.55,0.1283,1178.67,282.59,71.85,0.1118,0,normal
2025-01-02T00:00:10.500000,1225.33,287.74,73.32,0.1156,1268.12,296.63,71.16,0.1264,0,normal
2025-01-02T00:00:11,1206.54,278.19,71.74,0.1183,1205.13,296.64,66.09,0.1168,0,normal
2025-01-02T00:00:11.500000,1180.28,281.67,70.81,0.1202,1231.39,288.97,72.67,0.1245,0,normal
2025-01-02T00:00:12,1257.13,285.58,73.47,0.1235,1306.67,291.39,68.96,0.1222,0,normal
2025-01-02T00:00:12.500000,1206.03,288.48,70.74,0.1246,1200.31,294.57,73.11,0.1209,0,normal
2025-01-02T00:00:13,1205.61,287.87,74.82,0.1127,1232.4,285.5,71.36,0.103,0,normal
2025-01-02T00:00:13.500000,1213.92,284.47,70.8,0.1202,1182.43,265.14,72.32,0.1242,0,normal
2025-01-02T00:00:14,1186.82,286.12,72.16,0.1238,1193.78,294.13,70.87,0.1342,0,normal
2025-01-02T00:00:14.500000,1189.52,282.07,71.86,0.1174,1125.08,293.29,60.97,0.1148,0,normal
2025-01-02T00:00:15,1167.8,285.61,68.85,0.122,1239.37,266.39,72.69,0.1237,0,normal
2025-01-02T00:00:15.500000,1222.57,278.72,69.68,0.1254,1150.69,278.99,74.28,0.1116,0,normal
2025-01-02T00:00:16,1193.62,288.81,69.95,0.1182,1132.4,276.18,76.27,0.1301,0,normal
2025-01-02T00:00:16.500000,1206.19,287.28,72.73,0.1176,1214.29,270.23,68.55,0.1194,0,normal
2025-01-02T00:00:17,1174.54,279.56,70.97,0.1241,1293.43,284.63,74.1,0.1159,0,normal
2025-01-02T00:00:17.500000,1150.42,281.18,71.56,0.1205,1193.94,281.79,69.93,0.1225,0,normal
2025-01-02T00:00:18,1167.27,288.43,71.16,0.1274,1181.08,279.53,69.97,0.1166,0,normal
2025-01-02T00:00:18.500000,1214.57,284.82,73.42,0.1217,1201.89,289.25,76.31,0.1247,0,normal
2025-01-02T00:00:19,1206.73,286.81,70.34,0.1293,1231.69,292.16,71.9,0.1035,0,normal
2025-01-02T00:00:19.500000,1193.63,285.32,70.82,0.117,1179.64,293.8,76.52,0.1212,0,normal
2025-01-02T00:00:20,1186.38,283.45,72.14,0.1208,1226.1,279.99,73.91,0.1232,0,normal
2025-01-02T00:00:20.500000,1190.52,277.65,70.73,0.1256,1098.39,300.02,65.78,0.1144,0,normal
2025-01-02T00:00:21,1191.01,292.62,72.04,0.1192,1143.88,290.95,70.15,0.1184,0,normal
2025-01-02T00:00:21.500000,1191.4,288.08,73.1,0.1168,1162.36,276.72,72.66,0.1265,0,normal
2025-01-02T00:00:22,1204.72,275.63,73.09,0.1151,1157.09,287.26,71.7,0.1263,0,normal
2025-01-02T00:00:22.500000,1185.34,280.87,71.55,0.1235,1237.78,285.99,76.77,0.1282,0,normal
2025-01-02T00:00:23,1218.92,279.96,73.13,0.1193,1176.3,277.22,71.38,0.1155,0,normal
2025-01-02T00:00:23.500000,1204.07,284.26,72.32,0.122,1182.34,276.59,64.78,0.1255,0,normal
2025-01-02T00:00:24,1201.89,284.25,73.69,0.1154,1203.37,274.01,74.36,0.104,0,normal
2025-01-02T00:00:24.500000,1219.3,288.26,70.67,0.1202,1145.91,289.87,74.95,0.1128,0,normal
2025-01-02T00:00:25,1168.88,289.69,74.8,0.1218,1234.11,281.21,72.65,0.1225,0,normal
2025-01-02T00:00:25.500000,1195.62,290.77,72.25,0.1211,1190.28,284.31,76.39,0.1211,0,normal
2025-01-02T00:00:26,1204.06,285.78,71.48,0.1149,1294.35,297.18,76.5,0.1123,0,normal
2025-01-02T00:00:26.500000,1234.68,293.41,73.5,0.1259,1247.87,275.35,73.83,0.1127,0,normal
2025-01-02T00:00:27,1185.66,286.35,72.26,0.1217,1092.47,283.24,73.98,0.1254,0,normal
2025-01-02T00:00:27.500000,1219.53,286.07,71.45,0.1218,1182.02,295.27,73.54,0.1196,0,normal
2025-01-02T00:00:28,1181.54,289.79,72.81,0.1276,1231.57,291.95,66.73,0.1222,0,normal
2025-01-02T00:00:28.500000,1192.4,288.53,72.48,0.1235,1327.96,275.9,75.41,0.1249,0,normal
2025-01-02T00:00:29,1247.5,288.02,72.87,0.1231,1255.28,301.58,69.05,0.1172,0,normal
2025-01-02T00:00:29.500000,1241.65,276.63,71.88,0.1205,1189.39,303.02,73.71,0.1172,0,normal
2025-01-02T00:00:30,1184.77,286.2,73.68,0.1205,1191.93,277.07,73.35,0.1223,0,normal
2025-01-02T00:00:30.500000,1182.62,289.39,74.46,0.1202,1218.13,272.4,74.65,0.1233,0,normal
2025-01-02T00:00:31,1192.17,281.82,74.66,0.1214,1144.94,294.75,72.83,0.1204,0,normal
2025-01-02T00:00:31.500000,1223.49,273.83,69.4,0.125,1192.26,280.13,67.18,0.1214,0,normal
2025-01-02T00:00:32,1207.61,291.16,72.54,0.1189,1224.34,297.65,75.21,0.1245,0,normal
2025-01-02T00:00:32.500000,1206.59,282.51,70.51,0.1157,1223.64,290.68,75.94,0.124,0,normal
2025-01-02T00:00:33,1225.22,284.44,73.11,0.1164,1196.39,264.12,72.11,0.1288,0,normal
2025-01-02T00:00:33.500000,1201.69,288.09,72.39,0.1179,1188.8,298.45,74.58,0.1156,0,normal
2025-01-02T00:00:34,1166.7,285.88,71.16,0.1194,1112.73,296.86,71.65,0.1204,0,normal
2025-01-02T00:00:34.500000,1180.01,283.81,72.18,0.1178,1187.05,300.8,65.7,0.1213,0,normal
2025-01-02T00:00:35,1181.15,290.71,71.74,0.1162,1187.06,288.99,81.99,0.1048,0,normal
2025-01-02T00:00:35.500000,1171.22,290.58,69.83,0.12,1171.0,277.7,71.38,0.1176,0,normal
2025-01-02T00:00:36,1225.37,290.68,72.61,0.1192,1215.51,294.18,75.61,0.1227,0,normal
2025-01-02T00:00:36.500000,1236.66,282.36,73.64,0.1225,1163.4,287.65,73.09,0.119,0,normal
2025-01-02T00:00:37,1196.33,278.48,71.01,0.1191,1165.65,275.25,75.82,0.1193,0,normal
2025-01-02T00:00:37.500000,1252.0,285.95,73.5,0.1193,1160.3,288.0,76.66,0.1194,0,normal
2025-01-02T00:00:38,1210.72,286.1,71.86,0.1198,1140.09,284.87,74.35,0.1221,0,normal
2025-01-02T00:00:38.500000,1204.42,288.1,72.28,0.1201,1244.11,286.56,71.15,0.1234,0,normal
2025-01-02T00:00:39,1199.15,283.8,72.22,0.1206,1133.78,288.8,78.65,0.1129,0,normal
2025-01-02T00:00:39.500000,1187.94,296.88,70.82,0.1246,1186.28,285.69,71.53,0.1231,0,normal
2025-01-02T00:00:40,1162.09,285.8,71.42,0.1133,1267.25,260.97,79.73,0.1244,0,normal
2025-01-02T00:00:40.500000,1167.34,290.72,70.92,0.1175,1091.94,275.15,69.31,0.1259,0,normal
2025-01-02T00:00:41,1228.01,279.7,72.39,0.1134,1216.46,309.65,65.59,0.1127,0,normal
2025-01-02T00:00:41.500000,1217.45,288.61,70.64,0.1253,1151.07,304.08,73.69,0.1292,0,normal
2025-01-02T00:00:42,1208.9,287.81,73.02,0.1241,1198.03,274.74,71.72,0.1152,0,normal
2025-01-02T00:00:42.500000,1185.55,292.07,72.9,0.1221,1264.36,292.04,78.72,0.1049,0,normal
2025-01-02T00:00:43,1176.06,282.0,70.02,0.1204,1209.6,307.52,75.25,0.1163,0,normal
2025-01-02T00:00:43.500000,1211.86,277.19,72.2,0.1203,1145.87,282.71,69.51,0.1133,0,normal
2025-01-02T00:00:44,1216.19,289.42,72.73,0.1184,1160.25,280.36,71.21,0.1137,0,normal
2025-01-02T00:00:44.500000,1225.29,284.14,73.1,0.115,1158.7,294.8,75.14,0.1113,0,normal
2025-01-02T00:00:45,1207.27,286.41,70.98,0.1213,1105.17,274.43,74.16,0.1202,0,normal
2025-01-02T00:00:45.500000,1201.95,284.25,72.77,0.1221,1247.49,286.43,70.6,0.116,0,normal
2025-01-02T00:00:46,1174.64,283.28,71.13,0.1258,1137.18,296.83,71.04,0.1185,0,normal
2025-01-02T00:00:46.500000,1209.63,278.94,70.85,0.1155,1177.18,274.64,76.74,0.1158,0,normal
2025-01-02T00:00:47,1142.92,283.57,73.16,0.1259,1186.23,279.11,71.95,0.123,0,normal
2025-01-02T00:00:47.500000,1172.91,283.95,71.93,0.1202,1191.33,274.33,73.22,0.1197,0,normal
2025-01-02T00:00:48,1198.87,280.37,72.92,0.1166,1296.99,271.56,74.74,0.1063,0,normal
2025-01-02T00:00:48.500000,1145.8,282.63,68.75,0.1226,1198.69,300.97,71.4,0.1218,0,normal
2025-01-02T00:00:49,1193.56,281.26,71.41,0.1157,1223.25,281.49,71.64,0.1403,0,normal
2025-01-02T00:00:49.500000,1190.33,286.34,71.92,0.1242,1214.31,281.91,80.25,0.1138,0,normal
2025-01-02T00:00:50,1195.35,288.92,70.82,0.1228,1171.23,296.44,75.52,0.1194,0,normal
2025-01-02T00:00:50.500000,1175.99,283.33,71.98,0.1232,1272.07,297.98,74.64,0.1835,1,attack
2025-01-02T00:00:51,1195.19,285.7,72.04,0.1184,1369.96,310.22,79.22,0.2187,1,attack
2025-01-02T00:00:51.500000,1208.42,289.67,74.16,0.1146,1355.8,302.79,82.13,0.2462,1,attack
2025-01-02T00:00:52,1174.86,291.13,71.32,0.1153,1514.45,293.94,81.4,0.3067,1,attack
2025-01-02T00:00:52.500000,1165.38,285.86,70.78,0.121,1591.55,316.53,85.21,0.4006,1,attack
2025-01-02T00:00:53,1222.94,274.94,72.92,0.1217,1484.78,349.86,78.18,0.4044,1,attack
2025-01-02T00:00:53.500000,1218.77,278.91,72.11,0.1248,1602.98,328.62,80.09,0.5403,1,attack
2025-01-02T00:00:54,1170.72,288.31,75.16,0.122,1596.77,336.43,80.89,0.535,1,attack
2025-01-02T00:00:54.500000,1202.83,287.9,74.32,0.113,1464.58,367.81,84.48,0.6154,1,attack
2025-01-02T00:00:55,1212.03,284.2,74.84,0.1218,1681.51,346.96,84.99,0.6349,1,attack
2025-01-02T00:00:55.500000,1240.55,285.53,70.31,0.1215,1899.5,373.92,83.66,0.6726,1,attack
2025-01-02T00:00:56,1234.26,278.06,72.53,0.118,1943.8,349.98,84.8,0.8039,1,attack
2025-01-02T00:00:56.500000,1219.09,290.81,72.68,0.1213,1974.41,351.7,85.74,0.7657,1,attack
2025-01-02T00:00:57,1135.54,288.6,74.06,0.122,1964.64,380.09,91.29,0.9744,1,attack
2025-01-02T00:00:57.500000,1237.18,282.5,73.6,0.1244,2044.39,391.48,94.03,0.8555,1,attack
2025-01-02T00:00:58,1162.3,288.35,70.42,0.115,1821.13,384.74,95.51,1.0207,1,attack
2025-01-02T00:00:58.500000,1220.41,283.33,72.15,0.123,2132.35,389.57,96.55,0.9234,1,attack
2025-01-02T00:00:59,1200.0,282.36,74.19,0.1165,2148.46,398.64,93.79,1.1278,1,attack
2025-01-02T00:00:59.500000,1189.96,292.92,69.16,0.1223,2178.72,411.47,99.32,1.2267,1,attack
2025-01-02T00:01:00,1206.36,289.28,72.07,0.1163,2230.02,438.32,97.16,1.1333,1,attack
2025-01-02T00:01:00.500000,1214.87,286.44,70.89,0.1192,2271.18,425.81,103.81,1.2358,1,attack
2025-01-02T00:01:01,1216.76,282.72,74.4,0.1261,2243.63,411.2,106.9,1.3416,1,attack
2025-01-02T00:01:01.500000,1213.24,282.2,71.81,0.1188,2432.44,417.22,102.77,1.2721,1,attack
2025-01-02T00:01:02,1187.63,284.58,72.73,0.1221,2541.14,419.36,111.25,1.3751,1,attack
2025-01-02T00:01:02.500000,1186.28,286.15,71.51,0.1213,2568.42,438.69,105.03,1.4713,1,attack
2025-01-02T00:01:03,1223.0,283.01,71.27,0.1163,2435.95,434.39,103.59,1.6868,1,attack
2025-01-02T00:01:03.500000,1216.58,290.46,70.63,0.113,2645.19,500.44,106.08,1.6039,1,attack
2025-01-02T00:01:04,1162.33,285.12,71.82,0.1125,2518.24,451.49,101.39,1.5771,1,attack
2025-01-02T00:01:04.500000,1212.21,282.29,73.65,0.1187,2752.17,488.84,119.99,1.6302,1,attack
2025-01-02T00:01:05,1210.62,280.95,74.48,0.1163,2812.95,516.32,106.05,1.8208,1,attack
2025-01-02T00:01:05.500000,1176.17,294.95,69.28,0.1145,2654.31,471.23,117.13,2.0083,1,attack
2025-01-02T00:01:06,1227.72,286.0,72.01,0.1178,2920.0,495.23,116.61,1.7842,1,attack
2025-01-02T00:01:06.500000,1171.16,285.11,72.0,0.1179,2804.24,517.4,119.54,2.1382,1,attack
2025-01-02T00:01:07,1233.14,279.9,71.73,0.1151,2695.06,557.83,126.99,1.9017,1,attack
2025-01-02T00:01:07.500000,1229.84,290.95,69.23,0.1231,2945.76,527.46,137.6,2.2242,1,attack
2025-01-02T00:01:08,1196.92,291.08,69.23,0.1218,3153.02,541.05,117.88,2.1334,1,attack
2025-01-02T00:01:08.500000,1220.54,275.07,71.54,0.1167,3227.43,562.27,118.58,2.0004,1,attack
2025-01-02T00:01:09,1202.81,280.07,71.67,0.1188,3268.12,546.4,124.68,2.4104,1,attack
2025-01-02T00:01:09.500000,1206.47,283.21,71.57,0.1172,3063.59,515.94,132.13,2.1525,1,attack
2025-01-02T00:01:10,1207.58,283.72,71.96,0.1242,3308.97,532.59,122.83,2.4229,1,attack
2025-01-02T00:01:10.500000,1211.6,288.94,71.66,0.115,3416.41,565.36,129.54,2.1631,1,attack
2025-01-02T00:01:11,1184.63,280.99,72.58,0.1216,3376.64,588.32,138.74,2.4643,1,attack
2025-01-02T00:01:11.500000,1216.11,282.68,70.96,0.1236,3285.72,589.08,141.7,2.5646,1,attack
2025-01-02T00:01:12,1198.06,279.27,72.24,0.1236,3456.79,603.49,134.25,2.5665,1,attack
2025-01-02T00:01:12.500000,1192.4,278.78,71.39,0.1184,3641.85,586.14,140.41,2.6205,1,attack
2025-01-02T00:01:13,1187.9,281.52,71.13,0.1206,3525.05,567.66,141.33,2.6556,1,attack
2025-01-02T00:01:13.500000,1206.59,281.48,70.5,0.1194,3274.46,618.61,131.14,2.6431,1,attack
2025-01-02T00:01:14,1210.25,284.04,70.32,0.1254,3412.78,552.33,143.28,2.5008,1,attack
2025-01-02T00:01:14.500000,1230.07,286.61,72.41,0.118,3593.32,604.07,132.56,2.998,1,attack
2025-01-02T00:01:15,1182.17,287.16,73.45,0.1168,3871.55,597.83,138.79,2.7716,1,attack
2025-01-02T00:01:15.500000,1183.31,285.67,70.25,0.1233,3594.51,588.58,138.23,2.7863,1,attack
2025-01-02T00:01:16,1208.53,285.36,69.66,0.1236,3747.31,625.99,155.42,3.07,1,attack
2025-01-02T00:01:16.500000,1205.05,279.13,70.05,0.1242,3723.66,615.82,131.98,2.9262,1,attack
2025-01-02T00:01:17,1227.39,291.51,71.35,0.1223,3781.93,641.83,139.97,2.7091,1,attack
2025-01-02T00:01:17.500000,1231.68,285.42,71.49,0.1206,3660.04,630.3,138.63,2.7141,1,attack
2025-01-02T00:01:18,1257.05,280.69,72.51,0.1202,3605.14,611.63,130.6,3.2034,1,attack
2025-01-02T00:01:18.500000,1193.57,284.22,74.8,0.117,4045.94,634.69,126.15,2.7865,1,attack
2025-01-02T00:01:19,1210.48,285.15,72.06,0.1178,3664.55,612.35,153.73,2.6948,1,attack
2025-01-02T00:01:19.500000,1188.43,285.12,69.89,0.1216,3555.28,593.04,132.05,2.5695,1,attack
2025-01-02T00:01:20,1230.44,287.23,73.33,0.123,3768.06,619.27,147.1,3.1302,1,attack
2025-01-02T00:01:20.500000,1169.81,295.77,70.11,0.1183,3814.07,624.11,153.75,3.023,1,attack
2025-01-02T00:01:21,1209.91,289.43,72.5,0.1176,3892.27,621.68,134.1,3.0659,1,attack
2025-01-02T00:01:21.500000,1198.69,280.21,70.61,0.1219,3999.39,631.94,143.4,2.7114,1,attack
2025-01-02T00:01:22,1202.23,283.59,71.72,0.1196,3674.61,638.64,132.94,2.6279,1,attack
2025-01-02T00:01:22.500000,1181.16,288.78,72.49,0.1136,3913.48,618.8,137.08,2.8086,1,attack
2025-01-02T00:01:23,1167.99,285.74,70.17,0.1187,3733.75,639.09,140.28,2.9707,1,attack
2025-01-02T00:01:23.500000,1171.3,284.54,72.76,0.1245,3583.55,599.14,143.54,3.1256,1,attack
2025-01-02T00:01:24,1206.86,280.25,70.43,0.1205,3867.94,614.51,132.45,3.0383,1,attack
2025-01-02T00:01:24.500000,1191.63,287.25,69.45,0.1243,3669.89,653.35,144.29,2.6057,1,attack
2025-01-02T00:01:25,1205.89,292.08,71.14,0.126,3873.29,653.24,141.12,2.8288,1,attack
2025-01-02T00:01:25.500000,1244.09,288.08,71.66,0.1215,3692.68,622.68,148.37,2.8223,1,attack
2025-01-02T00:01:26,1179.01,280.87,72.11,0.1171,3527.78,590.28,148.23,2.8257,1,attack
2025-01-02T00:01:26.500000,1201.39,280.87,71.16,0.1178,3747.41,578.87,147.63,2.8472,1,attack
2025-01-02T00:01:27,1204.85,288.91,73.21,0.1179,3914.85,634.74,142.21,3.0315,1,attack
2025-01-02T00:01:27.500000,1219.19,288.11,73.97,0.1201,3810.98,640.32,138.75,2.9324,1,attack
2025-01-02T00:01:28,1186.56,275.26,72.86,0.1144,3667.17,640.34,145.82,3.051,1,attack
2025-01-02T00:01:28.500000,1151.53,286.27,71.63,0.1236,4080.51,587.54,140.11,2.9924,1,attack
2025-01-02T00:01:29,1191.89,292.46,71.42,0.1189,3596.07,623.82,118.87,2.8076,1,attack
2025-01-02T00:01:29.500000,1230.46,279.03,69.67,0.124,4037.82,586.38,152.13,2.9239,1,attack
2025-01-02T00:01:30,1225.17,281.61,74.14,0.119,3740.71,631.96,137.26,2.59,1,attack
2025-01-02T00:01:30.500000,1203.16,283.64,70.89,0.1245,4254.54,597.21,141.38,2.7819,1,attack
2025-01-02T00:01:31,1254.92,287.1,73.33,0.1243,3824.73,615.38,150.63,2.983,1,attack
2025-01-02T00:01:31.500000,1179.7,281.9,71.44,0.1242,4079.96,673.36,135.04,2.874,1,attack
2025-01-02T00:01:32,1190.4,284.22,73.34,0.1198,4050.01,607.2,145.19,2.7743,1,attack
2025-01-02T00:01:32.500000,1155.91,280.63,72.18,0.1269,3712.68,615.8,143.43,2.7475,1,attack
2025-01-02T00:01:33,1188.39,285.31,71.37,0.1136,3676.47,635.25,144.52,3.0785,1,attack
2025-01-02T00:01:33.500000,1230.13,281.15,70.93,0.1175,3771.11,604.54,138.78,2.7009,1,attack
2025-01-02T00:01:34,1218.83,280.95,70.56,0.1219,3937.24,614.42,146.08,2.9863,1,attack
2025-01-02T00:01:34.500000,1245.58,288.13,74.46,0.1202,4065.93,655.24,139.0,2.7323,1,attack
2025-01-02T00:01:35,1187.7,286.77,70.34,0.1184,4027.47,636.54,123.53,2.6221,1,attack
2025-01-02T00:01:35.500000,1251.81,290.04,71.16,0.1146,3562.59,632.63,153.84,3.1772,1,attack
2025-01-02T00:01:36,1162.18,283.74,70.77,0.1205,3547.1,606.46,133.93,2.9395,1,attack
2025-01-02T00:01:36.500000,1187.64,283.41,72.74,0.1259,4202.0,631.31,139.38,3.0751,1,attack
2025-01-02T00:01:37,1228.01,288.77,69.73,0.1243,3868.06,597.84,135.3,2.9495,1,attack
2025-01-02T00:01:37.500000,1139.72,284.46,71.06,0.1173,3713.13,583.31,147.37,2.4861,1,attack
2025-01-02T00:01:38,1204.06,281.38,74.86,0.1201,3396.57,633.56,132.35,3.0184,1,attack
2025-01-02T00:01:38.500000,1214.83,291.3,72.27,0.1229,3808.12,605.38,147.46,2.6396,1,attack
2025-01-02T00:01:39,1199.13,282.57,73.21,0.1166,3722.32,621.09,150.41,2.7589,1,attack
2025-01-02T00:01:39.500000,1190.38,279.24,70.58,0.1215,3806.09,621.19,152.19,2.564,1,attack
2025-01-02T00:01:40,1255.63,290.04,71.53,0.1214,3670.26,627.92,155.05,2.7395,1,attack
2025-01-02T00:01:40.500000,1194.43,281.76,71.14,0.1186,3591.97,613.46,140.38,2.7811,1,attack
2025-01-02T00:01:41,1144.82,284.34,71.93,0.1268,3805.1,643.2,137.02,3.072,1,attack
2025-01-02T00:01:41.500000,1177.33,287.16,73.21,0.1225,4211.19,605.51,149.9,3.0476,1,attack
2025-01-02T00:01:42,1201.19,292.86,71.79,0.1201,3798.96,588.42,145.33,2.9535,1,attack
2025-01-02T00:01:42.500000,1197.49,292.53,71.37,0.1138,4161.42,645.08,144.38,2.792,1,attack
2025-01-02T00:01:43,1208.21,279.61,71.68,0.1167,3849.76,642.9,132.67,2.974,1,attack
2025-01-02T00:01:43.500000,1204.79,287.92,71.65,0.1225,3667.8,578.28,129.82,2.764,1,attack
2025-01-02T00:01:44,1161.3,291.63,71.88,0.1233,3949.54,620.16,164.76,3.3506,1,attack
2025-01-02T00:01:44.500000,1233.41,281.13,74.06,0.1137,4065.38,556.61,137.77,3.0568,1,attack
2025-01-02T00:01:45,1209.24,278.68,72.25,0.1214,3838.91,609.9,145.99,3.0458,1,attack
2025-01-02T00:01:45.500000,1196.3,291.5,71.77,0.1182,4057.81,652.75,135.66,2.7191,1,attack
2025-01-02T00:01:46,1242.35,284.56,72.0,0.1191,4051.11,673.18,140.49,3.2634,1,attack
2025-01-02T00:01:46.500000,1186.69,283.79,72.97,0.1171,3925.44,607.14,129.19,2.552,1,attack
2025-01-02T00:01:47,1192.23,286.79,70.04,0.1206,3834.47,615.84,133.52,2.8911,1,attack
2025-01-02T00:01:47.500000,1196.58,289.2,70.14,0.1204,3558.35,614.12,132.33,2.6931,1,attack
2025-01-02T00:01:48,1199.91,282.58,74.11,0.1242,3952.9,639.47,140.91,3.0731,1,attack
2025-01-02T00:01:48.500000,1192.94,294.06,70.64,0.1159,3534.95,589.72,128.59,2.8866,1,attack
2025-01-02T00:01:49,1220.49,285.15,70.01,0.1183,3959.88,611.52,134.41,2.5911,1,attack
2025-01-02T00:01:49.500000,1189.85,282.0,71.88,0.1217,3746.33,624.58,143.3,2.6397,1,attack
2025-01-02T00:01:50,1245.26,281.83,72.74,0.1159,3820.93,623.64,151.61,2.8102,1,attack
2025-01-02T00:01:50.500000,1231.19,286.24,74.67,0.1136,3891.61,553.71,139.59,3.0246,1,attack
2025-01-02T00:01:51,1234.69,288.16,71.58,0.122,4278.11,621.87,146.73,2.7766,1,attack
2025-01-02T00:01:51.500000,1225.69,288.87,71.12,0.1228,3956.71,638.35,139.71,3.0602,1,attack
2025-01-02T00:01:52,1177.56,285.04,72.16,0.1242,3616.37,625.98,136.55,2.8687,1,attack
2025-01-02T00:01:52.500000,1209.42,279.53,73.82,0.1215,3636.87,611.54,150.46,2.9211,1,attack
2025-01-02T00:01:53,1176.84,281.65,72.9,0.1227,3868.94,612.77,145.67,2.7967,1,attack
2025-01-02T00:01:53.500000,1179.49,291.78,72.7,0.1172,3825.51,620.68,137.55,2.8899,1,attack
2025-01-02T00:01:54,1177.72,288.73,71.99,0.1142,3756.65,604.73,119.07,2.8234,1,attack
2025-01-02T00:01:54.500000,1224.88,284.54,73.02,0.12,3713.29,601.86,131.02,3.0083,1,attack
2025-01-02T00:01:55,1217.54,283.81,69.09,0.1217,3628.09,623.57,129.21,2.8657,1,attack
2025-01-02T00:01:55.500000,1196.85,274.7,74.33,0.1188,3750.74,633.26,139.65,2.9122,1,attack
2025-01-02T00:01:56,1172.53,284.39,69.25,0.1191,4074.56,582.65,137.54,2.4868,1,attack
2025-01-02T00:01:56.500000,1200.19,286.99,72.55,0.1178,3392.61,589.21,148.8,3.0003,1,attack
2025-01-02T00:01:57,1197.81,285.69,70.52,0.1246,3663.36,630.84,130.7,2.8195,1,attack
2025-01-02T00:01:57.500000,1229.96,280.95,73.08,0.1161,3628.64,619.78,146.8,2.799,1,attack
2025-01-02T00:01:58,1214.85,289.89,70.89,0.1145,3732.45,651.57,134.31,3.0236,1,attack
2025-01-02T00:01:58.500000,1193.7,292.51,75.23,0.1237,3487.15,560.4,140.43,3.005,1,attack
2025-01-02T00:01:59,1212.02,281.91,69.86,0.1233,4153.13,603.38,145.78,3.2951,1,attack
2025-01-02T00:01:59.500000,1195.45,284.28,72.81,0.119,4054.45,609.98,139.78,2.6033,1,attack
2025-01-02T00:02:00,1194.35,280.69,72.5,0.114,3986.18,598.39,152.49,3.0844,1,attack
2025-01-02T00:02:00.500000,1212.86,278.43,71.1,0.1168,3653.49,659.1,138.93,2.7375,1,attack
2025-01-02T00:02:01,1182.05,282.73,72.77,0.1141,3818.65,630.5,127.85,2.6076,1,attack
2025-01-02T00:02:01.500000,1198.86,291.16,73.73,0.1178,4067.76,612.07,137.7,2.8661,1,attack
2025-01-02T00:02:02,1220.15,282.4,71.43,0.1155,3866.7,643.15,146.96,2.6163,1,attack
2025-01-02T00:02:02.500000,1190.81,290.32,72.33,0.1201,3802.0,633.43,142.0,2.7516,1,attack
2025-01-02T00:02:03,1221.15,279.86,73.9,0.1168,3904.1,615.91,136.67,3.0821,1,attack
2025-01-02T00:02:03.500000,1217.83,284.75,74.51,0.1235,3646.96,563.94,140.75,3.0866,1,attack
2025-01-02T00:02:04,1214.66,291.73,71.14,0.1196,3782.34,625.98,145.37,3.1291,1,attack
2025-01-02T00:02:04.500000,1244.22,292.12,72.96,0.1188,3842.92,636.25,140.95,2.6937,1,attack
2025-01-02T00:02:05,1188.9,288.71,71.65,0.1201,3785.1,597.87,138.8,2.7717,1,attack
2025-01-02T00:02:05.500000,1183.4,280.48,71.86,0.1222,4012.91,585.43,151.24,2.9001,1,attack
2025-01-02T00:02:06,1172.95,283.27,69.3,0.1142,4127.07,602.66,143.76,2.831,1,attack
2025-01-02T00:02:06.500000,1200.43,286.57,69.0,0.1247,3781.25,607.49,143.28,2.7267,1,attack
2025-01-02T00:02:07,1205.0,284.29,73.02,0.1192,3604.3,628.99,138.11,2.5386,1,attack
2025-01-02T00:02:07.500000,1204.74,282.7,72.5,0.1169,3570.79,649.27,145.9,2.8489,1,attack
2025-01-02T00:02:08,1210.51,288.46,71.99,0.1156,3856.9,644.86,144.15,2.8601,1,attack
2025-01-02T00:02:08.500000,1213.57,284.05,73.5,0.1248,3553.73,647.68,155.66,2.9399,1,attack
2025-01-02T00:02:09,1223.61,282.23,71.27,0.1192,3723.53,587.47,138.79,2.993,1,attack
2025-01-02T00:02:09.500000,1168.84,285.77,72.21,0.1189,3894.34,629.99,137.39,3.0314,1,attack
2025-01-02T00:02:10,1213.45,291.73,71.9,0.1188,3760.39,649.22,138.96,2.835,1,attack
2025-01-02T00:02:10.500000,1247.06,279.25,72.51,0.1198,3752.38,596.36,135.35,2.7802,1,attack
2025-01-02T00:02:11,1211.9,288.64,69.44,0.1157,3904.1,635.68,129.75,2.9995,1,attack
2025-01-02T00:02:11.500000,1199.66,288.19,70.77,0.115,3741.36,613.45,137.76,2.7833,1,attack
2025-01-02T00:02:12,1240.63,277.73,70.78,0.1185,3804.56,637.63,146.06,3.0341,1,attack
2025-01-02T00:02:12.500000,1211.55,277.6,69.6,0.1241,4005.7,635.77,134.26,2.7948,1,attack
2025-01-02T00:02:13,1190.43,280.62,72.37,0.1278,3705.83,652.16,133.8,2.5872,1,attack
2025-01-02T00:02:13.500000,1223.7,284.06,73.83,0.1253,3747.1,653.31,133.87,2.6975,1,attack
2025-01-02T00:02:14,1225.73,278.38,72.0,0.1245,4050.19,609.27,147.06,2.658,1,attack
2025-01-02T00:02:14.500000,1183.98,285.99,72.54,0.1162,4153.83,573.44,140.38,2.8835,1,attack
2025-01-02T00:02:15,1158.07,290.66,70.93,0.1204,3862.33,583.93,132.5,3.1173,1,attack
2025-01-02T00:02:15.500000,1198.42,273.47,71.57,0.1199,3841.68,570.43,139.79,2.7076,1,attack
2025-01-02T00:02:16,1205.3,287.16,72.58,0.1251,4216.21,591.89,137.33,2.9771,1,attack
2025-01-02T00:02:16.500000,1196.96,273.36,71.72,0.1244,3535.0,625.47,126.65,2.9988,1,attack
2025-01-02T00:02:17,1205.8,282.57,71.4,0.1146,3991.45,600.18,143.5,2.6855,1,attack
2025-01-02T00:02:17.500000,1252.76,291.67,74.99,0.1279,3679.44,598.07,154.18,2.8259,1,attack
2025-01-02T00:02:18,1220.0,282.35,71.13,0.123,3425.72,639.42,143.67,2.7593,1,attack
2025-01-02T00:02:18.500000,1200.58,285.77,72.34,0.1225,3645.15,686.9,138.56,2.8277,1,attack
2025-01-02T00:02:19,1246.67,277.18,74.79,0.1203,3699.27,592.23,131.12,2.7915,1,attack
2025-01-02T00:02:19.500000,1206.67,287.66,72.38,0.1182,4054.51,686.31,150.46,2.7886,1,attack
2025-01-02T00:02:20,1212.05,287.42,74.31,0.1188,3616.67,648.12,142.84,2.6604,1,attack
2025-01-02T00:02:20.500000,1216.93,292.86,71.0,0.1168,3805.71,636.87,139.48,3.044,1,attack
2025-01-02T00:02:21,1206.26,289.32,70.96,0.1156,3735.39,586.61,142.87,2.5051,1,attack
2025-01-02T00:02:21.500000,1189.13,283.78,70.49,0.1189,3800.81,651.48,132.71,2.9111,1,attack
2025-01-02T00:02:22,1213.34,284.91,71.28,0.1159,4160.73,621.8,137.79,3.2128,1,attack
2025-01-02T00:02:22.500000,1205.33,295.87,69.96,0.1191,3539.7,616.97,139.11,2.7717,1,attack
2025-01-02T00:02:23,1201.29,283.25,71.84,0.1173,4074.14,592.5,141.49,2.6461,1,attack
2025-01-02T00:02:23.500000,1179.96,281.89,71.81,0.1206,3589.72,609.75,133.06,2.673,1,attack
2025-01-02T00:02:24,1227.21,279.05,72.11,0.1261,4029.17,630.55,139.89,2.976,1,attack
2025-01-02T00:02:24.500000,1208.87,291.08,71.81,0.1236,3738.11,666.96,138.87,2.5732,1,attack
2025-01-02T00:02:25,1201.86,288.27,74.35,0.1164,3468.56,632.32,143.26,2.6087,1,attack
2025-01-02T00:02:25.500000,1192.09,283.78,73.19,0.1185,3717.25,622.84,130.35,3.175,1,attack
2025-01-02T00:02:26,1222.42,282.0,70.39,0.1163,3911.48,594.94,138.25,2.5609,1,attack
2025-01-02T00:02:26.500000,1212.99,287.47,71.73,0.1207,3951.19,624.13,145.47,2.6503,1,attack
2025-01-02T00:02:27,1209.09,285.83,73.73,0.1201,3781.5,606.18,150.44,2.4471,1,attack
2025-01-02T00:02:27.500000,1212.27,284.91,71.74,0.1188,3789.39,631.87,134.43,2.8731,1,attack
2025-01-02T00:02:28,1208.42,280.92,72.73,0.1213,3648.2,590.54,134.32,2.8731,1,attack
2025-01-02T00:02:28.500000,1198.18,290.96,71.47,0.1168,3924.83,595.7,134.46,2.717,1,attack
2025-01-02T00:02:29,1128.06,287.42,73.35,0.1233,4158.23,657.37,137.66,3.0397,1,attack
2025-01-02T00:02:29.500000,1197.66,283.18,70.91,0.119,3862.5,659.21,145.1,2.7181,1,attack
2025-01-02T00:02:30,1174.94,287.43,73.3,0.1244,3748.94,631.64,145.99,2.619,1,attack
2025-01-02T00:02:30.500000,1206.67,288.87,72.73,0.1197,4295.89,667.88,140.07,2.8176,1,attack
2025-01-02T00:02:31,1216.81,284.75,73.83,0.1154,3754.27,636.99,147.03,2.5968,1,attack
2025-01-02T00:02:31.500000,1177.1,277.83,70.74,0.1154,3902.43,625.68,138.92,2.8545,1,attack
2025-01-02T00:02:32,1228.66,280.54,69.22,0.1226,3725.72,594.74,143.88,2.5135,1,attack
2025-01-02T00:02:32.500000,1179.42,274.79,72.37,0.1257,3691.1,600.37,152.49,2.9573,1,attack
2025-01-02T00:02:33,1257.13,285.69,72.33,0.1252,3771.76,626.13,123.05,3.1471,1,attack
2025-01-02T00:02:33.500000,1209.38,284.54,73.31,0.1157,3695.24,633.72,140.31,2.9264,1,attack
2025-01-02T00:02:34,1205.98,287.7,70.1,0.1246,3708.06,621.43,135.79,2.8009,1,attack
2025-01-02T00:02:34.500000,1205.5,288.14,73.3,0.1216,3686.8,629.16,141.68,2.8601,1,attack
2025-01-02T00:02:35,1212.82,279.55,69.08,0.1243,3775.04,630.32,133.93,3.0658,1,attack
2025-01-02T00:02:35.500000,1208.4,284.23,72.41,0.1137,3870.89,656.87,142.21,2.8818,1,attack
2025-01-02T00:02:36,1192.39,289.63,73.77,0.1184,3868.14,625.76,142.81,2.7179,1,attack
2025-01-02T00:02:36.500000,1227.43,287.42,73.73,0.116,3599.25,671.07,148.03,2.7106,1,attack
2025-01-02T00:02:37,1220.84,283.01,69.55,0.1124,3795.82,658.71,150.65,3.0655,1,attack
2025-01-02T00:02:37.500000,1219.92,286.36,73.66,0.1128,3988.06,592.2,133.61,2.969,1,attack
2025-01-02T00:02:38,1222.29,282.39,72.93,0.122,3740.98,623.82,154.57,2.8019,1,attack
2025-01-02T00:02:38.500000,1194.07,285.64,71.74,0.1228,4079.16,613.88,134.0,3.1877,1,attack
2025-01-02T00:02:39,1202.88,277.71,74.68,0.1241,4104.26,655.57,158.51,2.6727,1,attack
2025-01-02T00:02:39.500000,1180.9,282.9,71.25,0.1204,3706.92,590.5,133.88,2.7998,1,attack
2025-01-02T00:02:40,1227.46,282.54,73.17,0.1152,3192.21,616.7,135.73,2.6992,1,attack
2025-01-02T00:02:40.500000,1176.03,281.98,70.58,0.1168,3541.82,567.19,124.53,3.2708,1,attack
2025-01-02T00:02:41,1198.48,291.52,71.74,0.1195,3858.27,635.87,131.27,2.7851,1,attack
2025-01-02T00:02:41.500000,1207.31,276.73,73.87,0.1238,3400.66,598.2,140.73,2.994,1,attack
2025-01-02T00:02:42,1236.63,282.28,75.37,0.1198,3757.42,633.93,142.18,2.8936,1,attack
2025-01-02T00:02:42.500000,1247.91,286.06,70.58,0.117,4079.8,636.96,129.11,2.5755,1,attack
2025-01-02T00:02:43,1200.6,287.64,71.02,0.114,3586.22,660.81,143.48,3.021,1,attack
2025-01-02T00:02:43.500000,1227.96,282.32,71.46,0.1194,3879.17,647.02,153.09,2.9892,1,attack
2025-01-02T00:02:44,1219.72,293.24,71.7,0.1243,3909.87,635.25,138.5,2.6116,1,attack
2025-01-02T00:02:44.500000,1208.28,286.49,71.17,0.1197,3632.44,598.34,136.63,2.6228,1,attack
2025-01-02T00:02:45,1186.0,288.05,74.1,0.1275,3723.97,649.76,142.35,2.8094,1,attack
2025-01-02T00:02:45.500000,1209.65,289.71,71.28,0.1181,3722.14,604.46,148.39,2.7194,1,attack
2025-01-02T00:02:46,1185.9,286.33,72.33,0.1185,4119.89,604.36,138.8,2.5205,1,attack
2025-01-02T00:02:46.500000,1192.68,279.34,70.68,0.113,3630.42,618.14,138.29,2.7791,1,attack
2025-01-02T00:02:47,1192.2,282.84,71.95,0.1196,3852.25,615.02,136.96,2.9831,1,attack
2025-01-02T00:02:47.500000,1214.47,284.86,73.72,0.1203,3769.38,618.3,141.16,2.6932,1,attack
2025-01-02T00:02:48,1155.03,286.2,73.2,0.1164,4003.88,579.17,136.09,3.1417,1,attack
2025-01-02T00:02:48.500000,1208.54,283.71,72.36,0.1243,3525.42,652.68,136.57,2.9711,1,attack
2025-01-02T00:02:49,1185.26,292.2,71.96,0.1152,3889.31,652.27,148.32,2.866,1,attack
2025-01-02T00:02:49.500000,1219.49,283.2,72.85,0.1213,3249.9,595.18,141.45,2.8782,1,attack
2025-01-02T00:02:50,1199.3,285.38,73.74,0.1213,3356.8,668.3,126.65,3.0138,1,attack
2025-01-02T00:02:50.500000,1162.46,291.09,71.6,0.1214,3422.63,638.09,142.91,2.9556,1,attack
2025-01-02T00:02:51,1222.79,285.76,71.7,0.1171,3715.81,649.92,134.14,2.5348,1,attack
2025-01-02T00:02:51.500000,1176.3,287.59,71.56,0.1222,3419.91,546.03,141.85,3.0218,1,attack
2025-01-02T00:02:52,1158.94,287.25,73.71,0.12,3971.21,624.72,138.16,2.9904,1,attack
2025-01-02T00:02:52.500000,1245.91,282.62,71.87,0.1164,3829.49,616.12,148.11,3.0928,1,attack
2025-01-02T00:02:53,1218.91,289.47,70.99,0.1166,3883.0,620.5,153.99,2.5214,1,attack
2025-01-02T00:02:53.500000,1214.87,287.58,70.9,0.1165,3735.54,579.29,150.2,3.3118,1,attack
2025-01-02T00:02:54,1191.81,282.27,70.11,0.1161,3688.01,649.98,162.35,2.7264,1,attack
2025-01-02T00:02:54.500000,1178.35,280.01,72.65,0.1212,3819.18,608.98,149.51,2.9807,1,attack
2025-01-02T00:02:55,1217.3,286.58,71.73,0.1174,3898.78,630.49,143.97,2.5825,1,attack
2025-01-02T00:02:55.500000,1208.14,283.68,70.73,0.1226,3833.68,678.38,143.39,2.7992,1,attack
2025-01-02T00:02:56,1197.4,279.99,73.77,0.1211,3863.1,593.61,145.45,2.69,1,attack
2025-01-02T00:02:56.500000,1186.71,285.54,71.16,0.1171,3790.47,645.05,146.27,2.971,1,attack
2025-01-02T00:02:57,1211.67,282.97,73.61,0.1138,3882.42,640.86,139.37,2.7265,1,attack
2025-01-02T00:02:57.500000,1199.11,281.76,72.74,0.1234,3884.87,629.6,145.32,2.9998,1,attack
2025-01-02T00:02:58,1181.32,278.43,72.4,0.1233,3499.63,621.71,147.9,2.8301,1,attack
2025-01-02T00:02:58.500000,1236.51,290.7,71.74,0.1187,3733.63,623.34,131.79,2.6177,1,attack
2025-01-02T00:02:59,1145.48,284.91,74.94,0.1128,3765.01,614.69,138.94,3.0649,1,attack
2025-01-02T00:02:59.500000,1178.68,276.68,71.23,0.1176,3376.13,626.09,131.7,2.8358,1,attack
2025-01-02T00:03:00,1191.29,280.41,73.28,0.119,3810.31,634.54,142.02,2.8748,1,attack
2025-01-02T00:03:00.500000,1180.22,280.25,72.23,0.1165,3950.94,616.79,144.54,2.6814,1,attack
2025-01-02T00:03:01,1172.61,292.18,71.78,0.1233,3531.74,612.98,149.12,2.5824,1,attack
2025-01-02T00:03:01.500000,1254.61,285.87,70.82,0.1213,4010.74,599.53,135.23,2.8926,1,attack
2025-01-02T00:03:02,1211.11,284.15,72.58,0.1231,3832.93,602.85,139.85,3.1503,1,attack
2025-01-02T00:03:02.500000,1207.99,290.3,71.26,0.1209,3950.92,657.14,148.59,2.6586,1,attack
2025-01-02T00:03:03,1227.64,292.21,71.17,0.1168,3795.36,624.45,137.55,2.6471,1,attack
2025-01-02T00:03:03.500000,1235.34,281.32,71.27,0.1204,3520.23,581.59,136.98,2.9912,1,attack
2025-01-02T00:03:04,1204.51,276.2,74.0,0.1229,3836.29,624.07,144.71,3.2478,1,attack
2025-01-02T00:03:04.500000,1221.13,286.27,70.23,0.1206,3946.93,617.14,136.34,2.9447,1,attack
2025-01-02T00:03:05,1176.29,288.71,71.37,0.1124,3713.6,618.58,143.87,2.9247,1,attack
2025-01-02T00:03:05.500000,1169.03,285.52,71.23,0.1187,3610.34,618.74,161.93,3.1675,1,attack
2025-01-02T00:03:06,1176.03,285.28,71.55,0.1205,3974.1,616.79,135.01,3.0478,1,attack
2025-01-02T00:03:06.500000,1170.38,285.81,69.86,0.1163,3941.51,603.15,126.86,2.7264,1,attack
2025-01-02T00:03:07,1180.09,279.6,72.79,0.1144,3688.29,623.31,137.6,2.7809,1,attack
2025-01-02T00:03:07.500000,1182.66,279.79,71.08,0.1224,3717.53,624.14,147.82,2.9526,1,attack
2025-01-02T00:03:08,1169.37,286.92,73.51,0.1179,3498.73,609.07,141.32,2.9513,1,attack
2025-01-02T00:03:08.500000,1187.5,276.3,70.16,0.1213,4178.23,619.46,149.19,2.6693,1,attack
2025-01-02T00:03:09,1184.46,275.0,72.53,0.1168,3913.83,607.54,154.15,3.1566,1,attack
2025-01-02T00:03:09.500000,1144.72,287.53,70.93,0.1223,3544.69,655.74,147.21,2.6082,1,attack
2025-01-02T00:03:10,1195.65,285.69,73.04,0.12,3949.41,618.25,144.28,2.6161,1,attack
2025-01-02T00:03:10.500000,1199.38,289.92,74.03,0.1206,3781.16,653.93,139.29,3.0457,1,attack
2025-01-02T00:03:11,1197.44,285.17,70.41,0.1155,3985.84,662.73,140.74,2.8216,1,attack
2025-01-02T00:03:11.500000,1224.54,286.44,68.55,0.1236,3545.99,619.71,136.91,2.7404,1,attack
2025-01-02T00:03:12,1201.13,288.82,72.05,0.1251,4091.46,657.82,139.61,2.7682,1,attack
2025-01-02T00:03:12.500000,1199.19,289.81,73.53,0.1107,3858.11,561.27,139.87,2.7595,1,attack
2025-01-02T00:03:13,1179.91,288.63,71.07,0.12,3622.85,621.83,146.72,2.6999,1,attack
2025-01-02T00:03:13.500000,1215.36,285.24,72.07,0.1187,3946.95,636.64,139.07,2.8847,1,attack
2025-01-02T00:03:14,1217.83,287.31,71.56,0.1242,3964.19,672.36,129.01,2.97,1,attack
2025-01-02T00:03:14.500000,1227.65,289.3,71.64,0.1151,4092.53,608.05,137.93,3.2034,1,attack
2025-01-02T00:03:15,1169.45,288.5,70.91,0.1172,3831.85,636.77,146.65,3.0349,1,attack
2025-01-02T00:03:15.500000,1183.04,280.11,71.51,0.1213,3760.93,529.94,127.21,2.8089,1,attack
2025-01-02T00:03:16,1220.52,281.13,73.06,0.1146,3848.56,626.52,143.28,2.6776,1,attack
2025-01-02T00:03:16.500000,1162.86,288.1,69.8,0.1172,4064.42,624.21,142.58,2.9568,1,attack
2025-01-02T00:03:17,1214.14,284.91,70.7,0.1297,3744.4,628.21,143.08,2.7589,1,attack
2025-01-02T00:03:17.500000,1189.78,291.36,70.94,0.1215,3970.21,614.69,139.34,3.0136,1,attack
2025-01-02T00:03:18,1196.7,276.12,74.17,0.1165,3840.94,587.32,136.42,2.7754,1,attack
2025-01-02T00:03:18.500000,1204.18,281.25,74.86,0.1201,3967.4,619.78,146.98,2.4908,1,attack
2025-01-02T00:03:19,1183.09,282.77,71.24,0.1219,3911.56,618.16,139.65,3.2673,1,attack
2025-01-02T00:03:19.500000,1207.79,275.49,73.11,0.122,4020.28,634.84,133.67,3.0022,1,attack
2025-01-02T00:03:20,1202.38,289.47,74.23,0.1196,3966.4,645.63,141.11,3.1848,1,attack
2025-01-02T00:03:20.500000,1225.09,282.5,72.37,0.1231,4164.82,635.4,142.03,3.0661,1,attack
2025-01-02T00:03:21,1194.73,280.77,73.01,0.1186,4316.0,626.27,144.97,2.7426,1,attack
2025-01-02T00:03:21.500000,1230.35,284.88,71.82,0.1196,3554.63,613.79,143.82,2.5857,1,attack
2025-01-02T00:03:22,1224.52,283.85,72.35,0.112,3842.75,594.13,137.54,2.582,1,attack
2025-01-02T00:03:22.500000,1178.83,284.3,71.61,0.1232,3445.07,618.73,139.31,2.7717,1,attack
2025-01-02T00:03:23,1178.08,289.71,74.95,0.1138,3624.4,595.09,138.03,3.0647,1,attack
2025-01-02T00:03:23.500000,1212.66,284.34,72.02,0.1189,3940.34,641.34,144.14,2.4744,1,attack
2025-01-02T00:03:24,1200.32,284.2,73.43,0.1209,3905.78,607.72,146.58,3.061,1,attack
2025-01-02T00:03:24.500000,1160.95,279.46,73.1,0.1194,3995.46,626.0,144.85,2.7222,1,attack
2025-01-02T00:03:25,1208.16,286.46,71.01,0.1236,3439.89,625.15,130.94,2.6752,1,attack
2025-01-02T00:03:25.500000,1223.66,280.3,70.36,0.1221,3588.95,645.25,144.51,2.717,1,attack
2025-01-02T00:03:26,1223.53,276.71,72.68,0.1155,3700.57,608.62,148.97,2.7643,1,attack
2025-01-02T00:03:26.500000,1198.11,283.13,70.58,0.1163,3858.66,619.35,145.34,2.8086,1,attack
2025-01-02T00:03:27,1194.97,288.27,71.46,0.1148,3961.03,603.21,140.47,2.7429,1,attack
2025-01-02T00:03:27.500000,1176.66,276.88,72.49,0.1078,4046.69,645.59,133.63,3.1216,1,attack
2025-01-02T00:03:28,1249.46,283.83,72.59,0.1205,4087.59,585.46,138.41,3.0072,1,attack
2025-01-02T00:03:28.500000,1219.52,284.82,74.0,0.1208,3821.6,637.29,139.57,2.8586,1,attack
2025-01-02T00:03:29,1181.1,297.54,71.32,0.1226,4162.66,586.7,144.28,2.854,1,attack
2025-01-02T00:03:29.500000,1243.07,281.11,70.92,0.1198,3706.23,608.61,154.2,2.8717,1,attack
2025-01-02T00:03:30,1181.17,283.33,72.58,0.1212,3690.32,579.62,139.65,2.8367,1,attack
2025-01-02T00:03:30.500000,1184.49,290.47,72.83,0.1205,3731.46,662.98,131.92,2.7651,1,attack
2025-01-02T00:03:31,1189.14,286.28,72.95,0.1152,3669.92,631.1,135.34,2.7813,1,attack
2025-01-02T00:03:31.500000,1204.14,280.81,72.4,0.1222,3807.29,655.35,145.08,2.843,1,attack
2025-01-02T00:03:32,1192.29,292.5,71.05,0.119,3722.13,629.87,155.79,2.8922,1,attack
2025-01-02T00:03:32.500000,1192.27,285.81,70.11,0.1193,4123.78,636.42,148.62,3.0233,1,attack
2025-01-02T00:03:33,1182.99,293.17,69.44,0.1212,3408.67,577.51,146.55,2.7318,1,attack
2025-01-02T00:03:33.500000,1229.88,275.7,71.87,0.1156,3737.58,658.4,152.54,2.9377,1,attack
2025-01-02T00:03:34,1161.73,279.84,72.23,0.1171,3925.01,661.56,133.12,2.6969,1,attack
2025-01-02T00:03:34.500000,1171.67,283.91,72.08,0.1201,3970.56,629.75,139.59,2.857,1,attack
2025-01-02T00:03:35,1202.05,284.75,71.02,0.1157,3827.03,607.62,143.68,2.8623,1,attack
2025-01-02T00:03:35.500000,1200.36,289.21,69.98,0.1264,3384.85,655.98,141.41,2.7604,1,attack
2025-01-02T00:03:36,1164.68,282.44,71.76,0.1207,4074.66,621.82,142.24,2.9099,1,attack
2025-01-02T00:03:36.500000,1192.14,284.18,71.85,0.1223,3626.54,607.44,142.49,2.6659,1,attack
2025-01-02T00:03:37,1202.73,282.67,72.73,0.1249,3696.52,638.79,141.4,2.7844,1,attack
2025-01-02T00:03:37.500000,1200.16,290.55,71.75,0.1247,3777.21,584.97,138.97,2.5952,1,attack
2025-01-02T00:03:38,1192.37,283.48,74.62,0.1258,3816.23,650.04,137.22,2.6059,1,attack
2025-01-02T00:03:38.500000,1212.67,286.54,70.65,0.1168,3978.52,578.25,143.91,2.7962,1,attack
2025-01-02T00:03:39,1213.43,289.23,70.74,0.1159,4078.59,618.58,142.29,3.0057,1,attack
2025-01-02T00:03:39.500000,1176.93,288.86,72.92,0.1253,4075.99,621.57,145.27,2.8576,1,attack
2025-01-02T00:03:40,1203.49,280.17,71.68,0.1135,3773.88,652.74,145.45,2.8692,1,attack
2025-01-02T00:03:40.500000,1195.15,282.69,70.68,0.1229,3508.34,581.36,146.33,2.8855,1,attack
2025-01-02T00:03:41,1201.08,285.89,74.89,0.1202,3855.73,671.04,139.55,3.1452,1,attack
2025-01-02T00:03:41.500000,1149.43,280.03,71.04,0.1221,4137.06,605.35,146.85,3.2326,1,attack
2025-01-02T00:03:42,1237.55,283.27,73.25,0.1212,3674.7,630.6,136.68,2.8713,1,attack
2025-01-02T00:03:42.500000,1166.92,277.46,71.59,0.1211,3585.71,633.05,140.3,2.9612,1,attack
2025-01-02T00:03:43,1222.7,290.74,72.87,0.1189,3835.88,677.76,146.9,2.8622,1,attack
2025-01-02T00:03:43.500000,1196.39,282.44,70.29,0.1261,3890.91,588.53,139.12,3.0673,1,attack
2025-01-02T00:03:44,1189.27,281.52,72.51,0.1224,3715.32,605.13,143.22,2.6577,1,attack
2025-01-02T00:03:44.500000,1187.08,284.49,73.06,0.1185,3907.02,648.92,136.45,3.4011,1,attack
2025-01-02T00:03:45,1234.07,286.16,71.74,0.118,4115.64,625.22,129.93,2.5572,1,attack
2025-01-02T00:03:45.500000,1202.7,285.57,70.68,0.1145,3427.01,601.17,137.46,2.9683,1,attack
2025-01-02T00:03:46,1196.87,289.55,72.87,0.1218,3986.06,585.61,136.25,3.2606,1,attack
2025-01-02T00:03:46.500000,1154.25,283.73,72.69,0.1132,3656.99,669.5,141.19,2.7518,1,attack
2025-01-02T00:03:47,1205.05,282.54,74.47,0.1164,3700.67,582.99,137.93,2.8201,1,attack
2025-01-02T00:03:47.500000,1228.7,280.65,72.7,0.1203,3440.42,602.01,134.64,3.1378,1,attack
2025-01-02T00:03:48,1213.1,285.62,65.81,0.1131,3938.28,639.39,134.8,2.8547,1,attack
2025-01-02T00:03:48.500000,1198.96,285.72,71.46,0.1229,4010.16,596.2,131.64,2.7139,1,attack
2025-01-02T00:03:49,1201.17,286.52,73.14,0.1235,3868.87,625.69,151.54,2.8509,1,attack
2025-01-02T00:03:49.500000,1214.16,286.37,71.75,0.1194,4051.17,617.76,137.53,2.724,1,attack
2025-01-02T00:03:50,1210.14,282.81,72.48,0.1206,3718.8,585.39,132.8,2.7009,1,attack
2025-01-02T00:03:50.500000,1175.9,286.95,75.07,0.1182,3726.99,605.5,146.0,2.9229,1,attack
2025-01-02T00:03:51,1199.6,279.81,70.61,0.1206,3842.42,619.6,144.65,2.6409,1,attack
2025-01-02T00:03:51.500000,1207.29,286.06,70.62,0.1178,3931.69,591.76,157.25,2.945,1,attack
2025-01-02T00:03:52,1198.62,283.92,73.14,0.1185,3729.64,656.02,136.7,2.8733,1,attack
2025-01-02T00:03:52.500000,1181.75,286.11,72.84,0.1261,3621.9,584.09,138.13,2.7445,1,attack
2025-01-02T00:03:53,1199.63,287.23,75.26,0.1184,3380.02,614.1,142.45,2.6842,1,attack
2025-01-02T00:03:53.500000,1205.61,285.59,72.37,0.1228,3784.29,633.58,127.41,2.6854,1,attack
2025-01-02T00:03:54,1191.8,280.7,72.01,0.1188,3713.52,641.92,140.59,2.6647,1,attack
2025-01-02T00:03:54.500000,1185.52,288.22,72.29,0.1243,3960.85,610.35,150.05,3.1095,1,attack
2025-01-02T00:03:55,1157.15,285.14,71.21,0.1191,3644.93,596.65,146.31,2.6503,1,attack
2025-01-02T00:03:55.500000,1202.24,279.23,73.83,0.1201,3941.61,624.84,138.23,2.8617,1,attack
2025-01-02T00:03:56,1236.18,281.16,68.33,0.1172,3570.27,644.01,138.77,2.9915,1,attack
2025-01-02T00:03:56.500000,1200.77,285.04,72.24,0.1253,3835.44,647.51,147.32,2.8221,1,attack
2025-01-02T00:03:57,1198.23,283.38,73.85,0.1166,3662.63,613.15,131.96,2.7489,1,attack
2025-01-02T00:03:57.500000,1227.27,287.78,71.39,0.1229,4195.56,627.77,149.94,2.9956,1,attack
2025-01-02T00:03:58,1192.93,285.84,72.76,0.1173,3304.24,599.31,124.89,2.7215,1,attack
2025-01-02T00:03:58.500000,1159.02,288.76,70.3,0.122,3945.65,637.4,126.92,3.042,1,attack
2025-01-02T00:03:59,1210.09,288.44,74.64,0.1229,3575.3,636.2,129.47,2.8392,1,attack
2025-01-02T00:03:59.500000,1187.92,285.04,69.83,0.115,3714.62,614.48,137.02,3.098,1,attack
2025-01-02T00:04:00,1210.17,286.69,71.45,0.115,3799.22,664.82,141.57,3.0404,1,attack
2025-01-02T00:04:00.500000,1229.75,287.39,72.32,0.1164,3760.4,611.05,142.31,2.6082,1,attack
2025-01-02T00:04:01,1187.11,286.73,70.99,0.1167,3649.63,613.24,123.34,2.7224,1,attack
2025-01-02T00:04:01.500000,1222.87,286.38,72.6,0.1134,3721.3,617.13,143.25,3.04,1,attack
2025-01-02T00:04:02,1222.91,282.5,71.19,0.1251,3731.59,593.15,138.55,3.0807,1,attack
2025-01-02T00:04:02.500000,1178.28,283.17,70.76,0.1234,3854.69,642.96,150.96,2.5914,1,attack
2025-01-02T00:04:03,1181.78,283.15,72.1,0.1218,3706.62,602.84,146.7,2.9434,1,attack
2025-01-02T00:04:03.500000,1207.58,275.83,73.74,0.1207,3769.22,599.68,135.57,2.6977,1,attack
2025-01-02T00:04:04,1152.06,281.51,69.7,0.1198,3581.36,638.1,128.35,3.0543,1,attack
2025-01-02T00:04:04.500000,1220.08,280.44,71.86,0.1169,3909.93,664.64,148.27,2.7324,1,attack
2025-01-02T00:04:05,1202.75,291.51,72.75,0.1236,3923.73,621.89,139.51,2.6429,1,attack
2025-01-02T00:04:05.500000,1181.62,281.14,71.49,0.1204,3779.49,625.35,144.65,2.7789,1,attack
2025-01-02T00:04:06,1217.71,289.87,72.6,0.118,3979.87,631.97,144.33,3.1125,1,attack
2025-01-02T00:04:06.500000,1217.03,291.73,71.79,0.1184,4018.3,595.55,153.22,3.0726,1,attack
2025-01-02T00:04:07,1202.1,290.14,72.95,0.1154,3644.9,627.09,141.12,3.0737,1,attack
2025-01-02T00:04:07.500000,1207.25,279.58,71.21,0.1227,3453.7,585.0,137.39,3.0085,1,attack
2025-01-02T00:04:08,1194.8,286.97,72.01,0.1195,3675.78,640.83,131.22,2.81,1,attack
2025-01-02T00:04:08.500000,1227.51,281.73,69.76,0.1124,3926.59,638.19,137.59,2.6327,1,attack
2025-01-02T00:04:09,1196.49,290.04,70.17,0.1238,3477.91,591.8,140.76,3.012,1,attack
2025-01-02T00:04:09.500000,1235.32,289.24,74.24,0.1207,3681.9,649.37,149.54,3.0092,1,attack
2025-01-02T00:04:10,1214.7,290.95,72.49,0.1199,3937.85,631.84,146.2,2.8274,1,attack
2025-01-02T00:04:10.500000,1221.82,288.67,72.31,0.1173,4035.72,590.0,133.3,2.8787,1,attack
2025-01-02T00:04:11,1139.81,291.6,72.02,0.1255,4142.77,616.16,149.44,2.6687,1,attack
2025-01-02T00:04:11.500000,1210.4,282.98,73.0,0.1232,3769.62,633.51,146.61,2.8821,1,attack
2025-01-02T00:04:12,1260.94,284.41,74.38,0.1241,3446.62,657.03,147.52,2.8695,1,attack
2025-01-02T00:04:12.500000,1208.85,287.11,73.98,0.1185,4101.34,593.12,127.68,2.9515,1,attack
2025-01-02T00:04:13,1230.22,284.23,68.74,0.1146,3882.89,619.75,148.99,2.8625,1,attack
2025-01-02T00:04:13.500000,1182.23,286.32,73.46,0.1249,3778.91,621.67,145.45,2.722,1,attack
2025-01-02T00:04:14,1217.68,284.01,71.89,0.12,3824.62,667.46,136.72,2.7786,1,attack
2025-01-02T00:04:14.500000,1234.72,286.9,73.11,0.1163,3846.82,640.1,135.28,2.9575,1,attack
2025-01-02T00:04:15,1195.09,282.24,73.46,0.1241,3824.46,631.18,149.27,2.7824,1,attack
2025-01-02T00:04:15.500000,1208.37,283.35,70.53,0.1186,3586.26,630.55,134.59,2.6111,1,attack
2025-01-02T00:04:16,1217.82,287.9,71.52,0.1225,3646.84,610.77,142.85,3.0268,1,attack
2025-01-02T00:04:16.500000,1190.82,282.45,73.41,0.1222,3828.26,649.29,153.63,2.9126,1,attack
2025-01-02T00:04:17,1185.84,287.13,70.82,0.1245,3666.69,615.21,134.14,2.8812,1,attack
2025-01-02T00:04:17.500000,1205.22,288.17,72.17,0.1202,3690.96,612.9,130.25,3.0883,1,attack
2025-01-02T00:04:18,1197.74,292.01,71.83,0.1132,3714.43,619.94,140.46,2.9657,1,attack
2025-01-02T00:04:18.500000,1204.17,283.56,70.68,0.1185,3914.86,641.29,135.28,3.0222,1,attack
2025-01-02T00:04:19,1213.66,281.21,72.36,0.1213,3597.76,586.31,143.32,2.7723,1,attack
2025-01-02T00:04:19.500000,1236.29,292.36,72.68,0.1234,3605.47,586.97,139.01,2.63,1,attack
2025-01-02T00:04:20,1207.38,281.65,72.27,0.1194,3921.1,628.09,137.17,2.616,1,attack
2025-01-02T00:04:20.500000,1203.9,277.55,73.79,0.1219,3960.13,595.96,142.49,2.736,1,attack
2025-01-02T00:04:21,1203.58,280.73,71.88,0.115,3769.59,579.22,152.23,2.8774,1,attack
2025-01-02T00:04:21.500000,1200.14,287.89,70.13,0.1172,3900.9,624.0,134.96,2.9608,1,attack
2025-01-02T00:04:22,1207.27,287.16,72.56,0.1175,3785.59,573.95,136.42,2.808,1,attack
2025-01-02T00:04:22.500000,1215.04,287.19,70.92,0.1172,4048.33,612.71,140.8,2.9843,1,attack
2025-01-02T00:04:23,1198.09,284.35,71.55,0.1182,3827.15,574.8,137.47,2.9424,1,attack
2025-01-02T00:04:23.500000,1210.17,291.03,73.21,0.1215,3805.45,608.68,143.52,2.9053,1,attack
2025-01-02T00:04:24,1191.02,281.29,71.92,0.1242,3820.94,620.7,142.96,2.9323,1,attack
2025-01-02T00:04:24.500000,1205.97,284.82,71.27,0.1236,3718.88,658.99,141.08,2.859,1,attack
2025-01-02T00:04:25,1218.24,282.21,72.83,0.1204,3878.07,603.05,135.15,2.5366,1,attack
2025-01-02T00:04:25.500000,1189.03,282.82,71.04,0.1196,3812.21,632.39,143.96,2.9612,1,attack
2025-01-02T00:04:26,1216.62,286.18,72.08,0.1233,3931.72,583.25,138.79,2.5416,1,attack
2025-01-02T00:04:26.500000,1156.25,282.82,71.82,0.1185,3462.54,639.22,135.05,2.9337,1,attack
2025-01-02T00:04:27,1183.69,282.87,72.62,0.1187,3832.4,626.88,130.01,2.9317,1,attack
2025-01-02T00:04:27.500000,1177.5,280.25,70.95,0.1229,3495.93,636.14,142.38,2.8627,1,attack
2025-01-02T00:04:28,1205.92,283.76,72.98,0.1185,3491.28,618.08,145.61,2.9341,1,attack
2025-01-02T00:04:28.500000,1243.55,283.92,71.77,0.1192,3652.5,608.27,132.73,2.4577,1,attack
2025-01-02T00:04:29,1186.07,285.1,72.91,0.1179,3692.83,645.56,130.68,2.8221,1,attack
2025-01-02T00:04:29.500000,1222.97,281.97,69.79,0.1261,3951.87,640.59,139.37,2.9595,1,attack
2025-01-02T00:04:30,1140.23,283.13,73.36,0.115,3736.64,627.93,134.51,2.8513,1,attack
2025-01-02T00:04:30.500000,1209.26,286.29,71.42,0.117,3875.27,628.41,142.03,2.8696,1,attack
2025-01-02T00:04:31,1208.16,288.75,72.45,0.1204,3699.9,654.37,132.14,2.8153,1,attack
2025-01-02T00:04:31.500000,1187.78,277.19,72.51,0.1193,3806.06,615.57,145.27,3.0007,1,attack
2025-01-02T00:04:32,1173.57,292.55,71.65,0.1221,3834.26,622.62,143.9,3.0754,1,attack
2025-01-02T00:04:32.500000,1218.65,283.96,71.88,0.118,3935.89,634.63,137.61,3.0768,1,attack
2025-01-02T00:04:33,1225.77,292.8,70.86,0.1196,3762.66,684.57,140.07,3.0663,1,attack
2025-01-02T00:04:33.500000,1224.83,284.64,72.08,0.1219,4038.99,615.73,136.44,3.0094,1,attack
2025-01-02T00:04:34,1172.48,286.08,73.53,0.1215,3692.27,595.17,148.31,2.82,1,attack
2025-01-02T00:04:34.500000,1178.37,289.87,73.15,0.1162,4277.72,606.59,145.49,3.1897,1,attack
2025-01-02T00:04:35,1221.32,286.11,69.94,0.1273,3964.38,584.91,150.81,2.8605,1,attack
2025-01-02T00:04:35.500000,1193.34,282.55,72.25,0.1229,3706.01,623.16,163.66,2.9313,1,attack
2025-01-02T00:04:36,1223.18,280.9,70.05,0.1253,4024.02,662.5,139.44,3.0645,1,attack
2025-01-02T00:04:36.500000,1138.7,287.31,73.49,0.1175,4000.61,615.54,139.44,2.8058,1,attack
2025-01-02T00:04:37,1237.95,283.06,71.17,0.1169,3729.97,624.84,144.47,2.7212,1,attack
2025-01-02T00:04:37.500000,1208.95,287.62,70.66,0.1202,3783.88,621.83,136.29,2.8268,1,attack
2025-01-02T00:04:38,1200.75,292.97,72.06,0.1248,4068.68,587.29,137.96,3.0922,1,attack
2025-01-02T00:04:38.500000,1204.35,284.5,73.08,0.1238,3794.42,613.1,123.46,2.858,1,attack
2025-01-02T00:04:39,1190.85,280.7,71.7,0.1185,3832.14,613.08,143.13,2.8797,1,attack
2025-01-02T00:04:39.500000,1230.57,282.72,74.56,0.1238,4082.48,626.27,138.03,2.758,1,attack
2025-01-02T00:04:40,1242.06,289.69,70.55,0.1235,3643.18,628.04,145.78,3.0993,1,attack
2025-01-02T00:04:40.500000,1205.7,284.43,72.06,0.1238,3949.79,619.59,126.96,2.4337,1,attack
2025-01-02T00:04:41,1205.41,279.95,71.24,0.1192,4194.53,623.03,145.04,2.9363,1,attack
2025-01-02T00:04:41.500000,1141.87,283.29,70.24,0.1262,3454.33,609.56,138.17,2.6814,1,attack
2025-01-02T00:04:42,1202.43,284.82,72.23,0.1218,3845.0,629.44,147.79,2.5679,1,attack
2025-01-02T00:04:42.500000,1216.8,280.53,71.07,0.1204,3878.15,633.12,133.38,3.1289,1,attack
2025-01-02T00:04:43,1189.97,281.92,70.17,0.1151,3534.04,627.8,144.23,2.7022,1,attack
2025-01-02T00:04:43.500000,1172.59,284.1,72.14,0.1209,3616.79,615.85,150.97,2.6457,1,attack
2025-01-02T00:04:44,1199.3,287.14,70.61,0.1222,3545.55,635.74,140.3,2.6073,1,attack
2025-01-02T00:04:44.500000,1216.5,281.17,71.78,0.1223,3616.76,606.9,147.88,2.4961,1,attack
2025-01-02T00:04:45,1234.05,278.74,70.99,0.121,3914.6,627.39,140.33,2.7754,1,attack
2025-01-02T00:04:45.500000,1237.47,288.3,73.69,0.1185,3357.64,645.3,142.5,2.8813,1,attack
2025-01-02T00:04:46,1186.38,283.51,71.14,0.1202,3584.22,638.91,154.26,2.7478,1,attack
2025-01-02T00:04:46.500000,1161.77,284.56,72.45,0.1216,4104.48,640.23,127.32,2.6386,1,attack
2025-01-02T00:04:47,1209.74,283.06,74.18,0.1166,3982.53,603.9,141.84,2.7084,1,attack
2025-01-02T00:04:47.500000,1213.41,289.59,72.36,0.1269,3663.12,622.43,145.92,2.6876,1,attack
2025-01-02T00:04:48,1201.49,287.84,73.34,0.1241,3634.88,627.15,130.8,2.7261,1,attack
2025-01-02T00:04:48.500000,1195.82,289.89,72.76,0.1201,3885.24,632.93,142.58,2.7517,1,attack
2025-01-02T00:04:49,1177.04,284.05,70.86,0.1222,4090.5,633.98,127.33,2.7417,1,attack
2025-01-02T00:04:49.500000,1200.44,278.87,72.04,0.1217,4067.68,665.1,131.66,2.8301,1,attack
2025-01-02T00:04:50,1197.5,281.95,72.14,0.1197,3916.62,653.64,140.93,2.7662,1,attack
2025-01-02T00:04:50.500000,1175.39,293.73,73.31,0.1214,3768.46,659.97,138.88,2.5572,1,attack
2025-01-02T00:04:51,1206.36,279.75,72.39,0.1248,3482.22,597.69,146.05,2.7646,1,attack
2025-01-02T00:04:51.500000,1209.96,286.78,73.28,0.1177,3315.15,629.84,129.02,3.0099,1,attack
2025-01-02T00:04:52,1198.99,283.73,72.99,0.1137,3761.96,631.11,141.77,2.7664,1,attack
2025-01-02T00:04:52.500000,1188.51,291.6,73.31,0.1176,4056.21,638.73,143.42,2.94,1,attack
2025-01-02T00:04:53,1172.49,291.44,73.37,0.1209,3846.29,617.73,136.02,2.9414,1,attack
2025-01-02T00:04:53.500000,1180.91,285.64,72.14,0.1214,3978.84,630.0,144.85,2.5183,1,attack
2025-01-02T00:04:54,1211.05,285.32,72.54,0.1181,4018.68,626.21,134.79,2.7528,1,attack
2025-01-02T00:04:54.500000,1221.67,284.64,71.99,0.1193,3992.11,631.96,131.69,2.6831,1,attack
2025-01-02T00:04:55,1200.11,282.25,68.89,0.1173,3747.08,610.08,145.05,2.4679,1,attack
2025-01-02T00:04:55.500000,1181.46,288.4,71.04,0.1156,3670.67,631.07,138.23,2.726,1,attack
2025-01-02T00:04:56,1211.56,286.6,70.18,0.1203,3553.1,649.02,148.62,2.8008,1,attack
2025-01-02T00:04:56.500000,1225.56,281.77,71.8,0.1179,3795.31,621.64,139.98,2.8346,1,attack
2025-01-02T00:04:57,1203.05,290.37,69.1,0.1269,3733.35,618.07,149.31,2.9537,1,attack
2025-01-02T00:04:57.500000,1212.84,290.33,71.76,0.1233,3560.51,630.35,143.93,3.046,1,attack
2025-01-02T00:04:58,1216.99,285.87,71.54,0.1188,3739.15,587.81,152.2,3.0208,1,attack
2025-01-02T00:04:58.500000,1206.11,288.48,73.08,0.1164,3920.98,651.49,135.25,2.5877,1,attack
2025-01-02T00:04:59,1172.11,284.59,70.24,0.1194,3675.6,619.98,136.43,2.8438,1,attack
2025-01-02T00:04:59.500000,1214.46,280.9,72.41,0.1169,3798.91,617.97,142.49,2.8816,1,attack
2025-01-02T00:05:00,1229.73,284.89,71.1,0.1233,3862.89,641.93,139.16,2.6262,1,attack
2025-01-02T00:05:00.500000,1253.85,282.42,70.33,0.1226,3620.42,610.27,140.87,2.8255,1,attack
2025-01-02T00:05:01,1191.28,291.8,71.84,0.1168,3985.62,602.08,139.24,2.6953,1,attack
2025-01-02T00:05:01.500000,1205.07,285.17,71.96,0.1205,3955.38,637.44,132.72,2.7346,1,attack
2025-01-02T00:05:02,1222.18,281.65,72.71,0.123,3488.1,609.92,145.71,2.8249,1,attack
2025-01-02T00:05:02.500000,1190.3,288.55,73.59,0.1176,4135.75,575.75,129.45,2.7723,1,attack
2025-01-02T00:05:03,1191.97,283.77,71.23,0.1174,3758.14,605.37,144.77,2.8552,1,attack
2025-01-02T00:05:03.500000,1194.69,284.69,73.6,0.1183,3558.06,595.76,138.37,2.9323,1,attack
2025-01-02T00:05:04,1221.12,292.05,73.06,0.1168,3761.39,566.34,137.82,2.7465,1,attack
2025-01-02T00:05:04.500000,1144.49,294.01,71.46,0.1124,3747.91,660.94,153.35,2.86,1,attack
2025-01-02T00:05:05,1202.31,290.24,71.78,0.1217,3959.52,593.32,150.76,2.6996,1,attack
2025-01-02T00:05:05.500000,1184.79,285.43,73.35,0.1224,3790.61,627.05,147.51,2.8514,1,attack
2025-01-02T00:05:06,1180.51,282.42,73.31,0.1171,3502.11,612.46,139.47,2.9971,1,attack
2025-01-02T00:05:06.500000,1165.01,286.48,73.66,0.1171,3815.51,566.67,146.11,2.986,1,attack
2025-01-02T00:05:07,1199.52,279.33,72.96,0.1191,3271.73,639.3,148.15,3.079,1,attack
2025-01-02T00:05:07.500000,1169.35,276.81,71.41,0.1219,3620.87,580.54,145.07,2.791,1,attack
2025-01-02T00:05:08,1214.94,285.07,71.76,0.1198,3731.9,608.63,132.29,2.9327,1,attack
2025-01-02T00:05:08.500000,1229.94,282.86,74.69,0.1214,3849.05,636.24,146.83,2.7723,1,attack
2025-01-02T00:05:09,1213.32,289.47,71.45,0.12,3654.22,607.77,137.55,2.6954,1,attack
2025-01-02T00:05:09.500000,1198.49,286.41,72.62,0.1171,3684.8,641.1,135.74,2.9909,1,attack
2025-01-02T00:05:10,1182.42,286.61,73.08,0.1105,3965.01,652.34,137.84,2.9091,1,attack
2025-01-02T00:05:10.500000,1179.86,286.55,75.54,0.1121,3704.86,639.76,148.83,2.6136,1,attack
2025-01-02T00:05:11,1184.68,282.52,71.06,0.1196,3528.55,613.69,133.45,2.8382,1,attack
2025-01-02T00:05:11.500000,1183.08,284.28,70.51,0.1234,3738.14,620.34,138.98,2.8512,1,attack
2025-01-02T00:05:12,1200.05,288.44,71.59,0.1174,3807.93,604.8,139.48,2.6701,1,attack
2025-01-02T00:05:12.500000,1225.19,281.66,73.73,0.1198,3962.67,600.97,126.23,2.5681,1,attack
2025-01-02T00:05:13,1260.07,282.44,73.58,0.1153,3833.98,628.64,159.85,2.7956,1,attack
2025-01-02T00:05:13.500000,1182.93,286.5,70.67,0.1215,3789.84,601.31,143.46,2.8685,1,attack
2025-01-02T00:05:14,1218.25,292.06,71.28,0.1185,3544.33,632.92,135.49,2.9091,1,attack
2025-01-02T00:05:14.500000,1227.97,282.07,71.32,0.1237,3934.41,634.92,137.26,2.6044,1,attack
2025-01-02T00:05:15,1182.92,280.68,72.84,0.121,3686.26,609.39,143.33,2.7954,1,attack
2025-01-02T00:05:15.500000,1186.05,293.46,71.21,0.1224,3874.59,582.22,135.25,2.9901,1,attack
2025-01-02T00:05:16,1196.84,278.74,72.57,0.1179,3882.82,686.66,142.68,2.9547,1,attack
2025-01-02T00:05:16.500000,1193.9,280.21,73.47,0.1178,3756.46,664.48,137.64,3.0578,1,attack
2025-01-02T00:05:17,1209.3,282.64,72.49,0.1174,3971.9,650.93,140.34,3.0796,1,attack
2025-01-02T00:05:17.500000,1203.84,288.91,76.25,0.1289,3765.32,627.28,132.62,2.9866,1,attack
2025-01-02T00:05:18,1209.34,281.69,73.71,0.119,3701.03,629.91,136.74,2.8446,1,attack
2025-01-02T00:05:18.500000,1241.91,282.37,72.97,0.1179,3615.09,617.98,158.79,2.9837,1,attack
2025-01-02T00:05:19,1211.09,282.76,71.45,0.1147,4141.06,626.67,141.27,2.8849,1,attack
2025-01-02T00:05:19.500000,1250.16,286.28,71.72,0.1265,3775.37,578.05,129.31,2.8172,1,attack
2025-01-02T00:05:20,1207.0,288.51,70.68,0.1192,3646.17,647.62,148.98,3.1849,1,attack
2025-01-02T00:05:20.500000,1208.44,292.97,71.0,0.1208,3598.44,634.22,141.99,2.4304,1,attack
2025-01-02T00:05:21,1226.63,288.66,71.2,0.121,3516.19,600.9,151.68,2.6526,1,attack
2025-01-02T00:05:21.500000,1200.23,279.03,72.49,0.122,3937.58,631.61,149.99,2.7553,1,attack
2025-01-02T00:05:22,1174.6,282.49,70.06,0.1203,3773.47,631.84,128.69,2.8478,1,attack
2025-01-02T00:05:22.500000,1229.15,287.45,69.27,0.12,3660.77,620.32,137.34,3.1474,1,attack
2025-01-02T00:05:23,1202.06,286.35,71.94,0.1217,3758.79,639.18,137.26,3.0854,1,attack
2025-01-02T00:05:23.500000,1211.91,284.35,73.21,0.1218,3957.19,622.13,138.31,2.8731,1,attack
2025-01-02T00:05:24,1187.99,289.19,74.12,0.1221,4069.45,647.95,138.12,2.9929,1,attack
2025-01-02T00:05:24.500000,1169.21,285.8,70.3,0.1196,3526.46,647.14,137.24,3.005,1,attack
2025-01-02T00:05:25,1198.19,277.12,71.3,0.1181,3797.19,657.4,151.72,2.8105,1,attack
2025-01-02T00:05:25.500000,1169.75,281.82,72.69,0.1196,3500.69,607.51,149.18,2.9,1,attack
2025-01-02T00:05:26,1201.13,283.34,71.34,0.122,3826.99,639.12,143.83,2.8534,1,attack
2025-01-02T00:05:26.500000,1209.22,282.47,71.93,0.1248,3802.03,614.61,141.47,2.6507,1,attack
2025-01-02T00:05:27,1205.3,292.25,70.84,0.121,3795.54,618.78,139.53,2.9721,1,attack
2025-01-02T00:05:27.500000,1173.65,287.94,72.1,0.1137,3872.17,622.83,133.9,2.8775,1,attack
2025-01-02T00:05:28,1168.41,282.07,72.05,0.1139,3581.24,595.15,140.55,2.9255,1,attack
2025-01-02T00:05:28.500000,1178.57,280.94,72.2,0.1204,3666.95,665.35,141.29,2.8209,1,attack
2025-01-02T00:05:29,1190.73,289.31,72.78,0.1137,3667.8,608.92,139.92,2.9572,1,attack
2025-01-02T00:05:29.500000,1174.32,284.66,74.45,0.1201,3668.08,586.91,136.59,2.6655,1,attack
2025-01-02T00:05:30,1190.53,287.32,72.05,0.1183,3459.77,640.63,137.53,2.8685,1,attack
2025-01-02T00:05:30.500000,1178.12,283.25,71.16,0.1152,3627.49,619.64,142.09,2.733,1,attack
2025-01-02T00:05:31,1171.14,283.48,73.12,0.1166,3802.45,603.62,147.9,2.7634,1,attack
2025-01-02T00:05:31.500000,1215.89,289.34,74.22,0.1151,3534.36,648.9,147.01,2.7445,1,attack
2025-01-02T00:05:32,1122.31,285.35,69.81,0.117,3834.43,627.83,151.07,2.7863,1,attack
2025-01-02T00:05:32.500000,1176.57,288.92,72.54,0.1187,3806.03,610.62,144.84,3.1386,1,attack
2025-01-02T00:05:33,1182.59,286.8,69.8,0.1161,3906.89,618.25,132.24,2.8515,1,attack
2025-01-02T00:05:33.500000,1221.09,278.81,74.52,0.1221,3912.66,619.97,152.23,3.0146,1,attack
2025-01-02T00:05:34,1191.18,288.24,70.94,0.119,4078.66,629.61,144.63,3.05,1,attack
2025-01-02T00:05:34.500000,1213.16,281.53,74.39,0.1219,3911.49,621.39,147.78,3.1775,1,attack
2025-01-02T00:05:35,1190.99,289.55,72.05,0.1128,3533.23,630.52,147.07,2.9542,1,attack
2025-01-02T00:05:35.500000,1218.46,296.07,72.76,0.119,3775.94,660.55,131.12,3.0617,1,attack
2025-01-02T00:05:36,1200.39,281.44,69.91,0.1253,3637.1,621.55,133.18,3.1862,1,attack
2025-01-02T00:05:36.500000,1202.36,279.24,71.38,0.125,3614.4,611.04,148.31,2.9085,1,attack
2025-01-02T00:05:37,1170.73,285.95,71.78,0.1202,3979.85,625.97,139.35,2.8257,1,attack
2025-01-02T00:05:37.500000,1225.84,281.92,68.88,0.1192,3871.87,609.67,136.32,2.7877,1,attack
2025-01-02T00:05:38,1199.41,279.45,72.95,0.1104,3902.6,627.77,143.48,2.5202,1,attack
2025-01-02T00:05:38.500000,1207.03,282.68,74.31,0.1213,3576.42,578.08,135.7,2.9888,1,attack
2025-01-02T00:05:39,1227.66,285.78,72.12,0.1188,3795.94,650.15,137.57,2.9627,1,attack
2025-01-02T00:05:39.500000,1187.32,289.33,72.83,0.1235,4157.6,555.97,145.28,2.9302,1,attack
2025-01-02T00:05:40,1210.74,286.03,72.35,0.1212,3972.14,640.49,139.83,2.8179,1,attack
2025-01-02T00:05:40.500000,1200.48,283.23,74.56,0.1154,3942.46,638.45,136.29,2.9006,1,attack
2025-01-02T00:05:41,1230.31,283.59,73.89,0.124,3665.13,592.52,141.16,2.6379,1,attack
2025-01-02T00:05:41.500000,1130.29,282.91,75.13,0.1184,3872.11,637.36,139.71,2.793,1,attack
2025-01-02T00:05:42,1229.49,285.17,71.87,0.1229,3604.38,588.67,128.63,2.9471,1,attack
2025-01-02T00:05:42.500000,1196.07,288.53,72.07,0.1151,3732.43,642.24,138.16,3.0529,1,attack
2025-01-02T00:05:43,1189.11,288.08,69.43,0.1192,3726.46,585.33,147.78,2.7405,1,attack
2025-01-02T00:05:43.500000,1182.16,290.56,72.23,0.1228,3476.49,600.2,154.6,2.996,1,attack
2025-01-02T00:05:44,1174.24,285.96,70.57,0.125,3368.75,626.83,141.82,2.6597,1,attack
2025-01-02T00:05:44.500000,1193.44,286.61,69.44,0.1154,3770.53,599.34,136.76,2.8466,1,attack
2025-01-02T00:05:45,1178.15,284.89,72.43,0.1228,3563.29,604.42,144.12,2.5966,1,attack
2025-01-02T00:05:45.500000,1202.55,285.12,68.27,0.1182,3862.85,614.75,136.68,2.8767,1,attack
2025-01-02T00:05:46,1223.73,287.3,70.91,0.1147,3898.7,590.79,136.3,2.8844,1,attack
2025-01-02T00:05:46.500000,1227.52,290.5,72.09,0.1182,3571.88,668.57,137.97,2.9659,1,attack
2025-01-02T00:05:47,1204.72,282.88,71.23,0.115,4013.26,617.01,150.01,2.7733,1,attack
2025-01-02T00:05:47.500000,1192.85,280.16,71.55,0.1155,3876.51,622.67,150.32,2.6007,1,attack
2025-01-02T00:05:48,1229.18,280.82,72.5,0.1159,3838.53,557.74,135.31,2.8681,1,attack
2025-01-02T00:05:48.500000,1242.13,275.9,72.0,0.1181,3435.95,592.1,136.7,2.9299,1,attack
2025-01-02T00:05:49,1202.11,279.39,69.36,0.1215,3762.9,659.96,137.53,3.0455,1,attack
2025-01-02T00:05:49.500000,1213.05,288.51,72.62,0.1216,3364.55,614.12,135.35,3.0673,1,attack
2025-01-02T00:05:50,1175.96,283.8,73.15,0.1211,3831.79,647.51,141.82,2.7568,1,attack
2025-01-02T00:05:50.500000,1168.89,287.08,70.89,0.1191,4004.89,614.51,136.89,2.8022,1,attack
2025-01-02T00:05:51,1193.94,280.76,74.42,0.118,3949.03,594.74,143.85,2.879,1,attack
2025-01-02T00:05:51.500000,1200.6,285.75,72.6,0.1192,3766.37,634.32,132.01,2.6283,1,attack
2025-01-02T00:05:52,1204.29,276.41,69.58,0.1265,4094.39,605.85,146.99,3.0268,1,attack
2025-01-02T00:05:52.500000,1211.31,284.66,72.9,0.1229,3922.0,581.58,154.23,3.261,1,attack
2025-01-02T00:05:53,1154.18,287.18,74.95,0.1236,3992.46,584.32,145.54,2.8909,1,attack
2025-01-02T00:05:53.500000,1218.72,280.57,70.46,0.1195,3727.95,616.1,136.64,2.8156,1,attack
2025-01-02T00:05:54,1184.01,284.79,69.95,0.1219,3849.5,588.71,149.28,2.7086,1,attack
2025-01-02T00:05:54.500000,1228.53,286.41,73.44,0.1206,3907.7,644.54,153.35,3.0338,1,attack
2025-01-02T00:05:55,1210.76,279.24,68.52,0.1195,3664.25,603.19,139.42,2.9633,1,attack
2025-01-02T00:05:55.500000,1185.1,288.83,72.05,0.1201,4156.25,624.42,139.62,2.9396,1,attack
2025-01-02T00:05:56,1243.13,284.8,72.63,0.1196,3780.42,607.85,136.08,3.14,1,attack
2025-01-02T00:05:56.500000,1186.71,278.41,72.18,0.1237,4036.08,590.38,147.79,3.2021,1,attack
2025-01-02T00:05:57,1183.58,284.26,70.23,0.1267,3516.45,610.09,145.49,2.733,1,attack
2025-01-02T00:05:57.500000,1176.26,284.78,75.44,0.1191,3760.66,592.33,142.7,3.0011,1,attack
2025-01-02T00:05:58,1185.45,287.29,71.14,0.1132,3886.9,671.44,131.63,2.8807,1,attack
2025-01-02T00:05:58.500000,1231.43,284.56,69.95,0.1202,4083.17,607.44,141.63,2.6698,1,attack
2025-01-02T00:05:59,1197.61,286.65,72.18,0.1184,3884.17,636.6,145.15,2.7999,1,attack
2025-01-02T00:05:59.500000,1185.1,293.39,72.2,0.1191,3519.35,596.87,135.5,2.9251,1,attack
2025-01-02T00:06:00,1191.45,285.06,69.94,0.1251,3659.88,625.83,136.29,2.7956,1,attack
2025-01-02T00:06:00.500000,1180.94,286.27,70.59,0.1211,3777.42,635.62,145.1,2.7957,1,attack
2025-01-02T00:06:01,1208.78,283.08,73.9,0.1187,3761.66,608.37,134.87,3.1978,1,attack
2025-01-02T00:06:01.500000,1211.67,285.29,71.31,0.124,3696.33,623.0,155.42,2.6863,1,attack
2025-01-02T00:06:02,1212.95,286.23,72.76,0.119,3687.47,625.62,136.81,2.4513,1,attack
2025-01-02T00:06:02.500000,1180.21,283.65,70.45,0.1205,3656.06,618.92,155.18,3.0598,1,attack
2025-01-02T00:06:03,1214.2,292.73,71.9,0.1198,3599.44,651.7,153.7,3.0052,1,attack
2025-01-02T00:06:03.500000,1234.16,273.3,75.37,0.1196,4247.63,662.94,145.41,2.7913,1,attack
2025-01-02T00:06:04,1203.8,276.83,73.34,0.1108,3743.25,658.27,145.05,2.5884,1,attack
2025-01-02T00:06:04.500000,1167.83,282.45,72.11,0.1232,3914.79,593.74,144.33,2.974,1,attack
2025-01-02T00:06:05,1211.72,295.59,73.05,0.1235,4156.41,641.08,136.14,3.0625,1,attack
2025-01-02T00:06:05.500000,1190.37,280.8,70.71,0.1244,3917.85,646.31,144.38,2.8823,1,attack
2025-01-02T00:06:06,1207.63,287.53,71.13,0.1154,3707.83,633.49,135.47,3.2142,1,attack
2025-01-02T00:06:06.500000,1210.59,285.51,71.13,0.1233,3569.73,627.83,136.95,2.8707,1,attack
2025-01-02T00:06:07,1211.67,280.1,69.59,0.1166,3967.06,629.25,137.18,3.1866,1,attack
2025-01-02T00:06:07.500000,1230.84,289.46,70.96,0.1237,3864.73,602.09,139.27,2.6724,1,attack
2025-01-02T00:06:08,1182.88,280.11,73.38,0.1197,3621.1,632.83,140.01,3.0296,1,attack
2025-01-02T00:06:08.500000,1203.2,278.86,71.28,0.1158,3906.97,646.89,129.19,2.8287,1,attack
2025-01-02T00:06:09,1227.67,278.33,71.37,0.12,4002.81,633.51,145.24,2.953,1,attack
2025-01-02T00:06:09.500000,1191.04,292.03,71.03,0.11,3457.9,617.1,137.68,2.7583,1,attack
2025-01-02T00:06:10,1203.6,290.13,72.65,0.1223,3594.84,607.12,144.9,2.8685,1,attack
2025-01-02T00:06:10.500000,1211.45,287.62,72.24,0.1257,3699.01,599.69,127.65,2.978,1,attack
2025-01-02T00:06:11,1186.32,290.41,72.36,0.1188,3599.62,640.99,139.62,2.8958,1,attack
2025-01-02T00:06:11.500000,1214.51,286.14,70.78,0.1219,3955.84,628.93,144.43,2.9741,1,attack
2025-01-02T00:06:12,1190.49,283.15,75.21,0.1248,3790.84,636.93,133.44,2.7476,1,attack
2025-01-02T00:06:12.500000,1170.07,286.22,72.43,0.1239,3759.71,646.45,144.57,3.2705,1,attack
2025-01-02T00:06:13,1240.01,291.38,73.2,0.1168,3855.63,675.74,143.55,2.7095,1,attack
2025-01-02T00:06:13.500000,1208.06,280.77,70.77,0.1215,3940.51,600.21,136.08,2.6061,1,attack
2025-01-02T00:06:14,1196.9,276.68,71.57,0.1203,3466.4,595.02,139.58,2.8164,1,attack
2025-01-02T00:06:14.500000,1196.39,286.23,69.59,0.1226,3739.44,605.21,126.95,2.8042,1,attack
2025-01-02T00:06:15,1212.29,285.61,72.25,0.1188,3788.5,592.53,139.97,2.766,1,attack
2025-01-02T00:06:15.500000,1173.0,288.23,69.73,0.1219,3911.56,606.92,147.21,2.7562,1,attack
2025-01-02T00:06:16,1185.33,279.87,71.99,0.1165,3649.59,618.38,139.84,3.0648,1,attack
2025-01-02T00:06:16.500000,1222.34,287.36,71.79,0.1185,3794.95,606.2,135.09,2.8365,1,attack
2025-01-02T00:06:17,1178.92,281.51,73.38,0.115,3602.44,651.58,137.26,3.0853,1,attack
2025-01-02T00:06:17.500000,1171.98,285.32,73.11,0.1167,4118.12,610.32,143.56,2.7341,1,attack
2025-01-02T00:06:18,1235.8,286.3,75.02,0.1242,3959.04,596.31,140.59,2.7958,1,attack
2025-01-02T00:06:18.500000,1200.63,285.63,70.7,0.1194,3781.69,594.95,145.6,2.888,1,attack
2025-01-02T00:06:19,1219.52,287.08,69.53,0.117,4114.11,639.47,128.65,2.9304,1,attack
2025-01-02T00:06:19.500000,1180.03,276.04,74.39,0.1203,3841.23,588.83,131.93,2.5778,1,attack
2025-01-02T00:06:20,1234.01,277.97,74.33,0.1164,3566.7,618.63,135.21,2.8666,1,attack
2025-01-02T00:06:20.500000,1178.95,283.66,70.91,0.1231,3897.4,626.14,147.37,2.895,1,attack
2025-01-02T00:06:21,1204.29,284.49,70.97,0.1174,3827.95,645.24,143.99,2.9465,1,attack
2025-01-02T00:06:21.500000,1173.45,287.24,71.43,0.1206,3904.88,591.33,141.1,2.8904,1,attack
2025-01-02T00:06:22,1223.97,282.79,71.91,0.1206,3701.81,606.73,135.98,2.8282,1,attack
2025-01-02T00:06:22.500000,1241.93,284.61,72.7,0.1201,3741.57,619.4,145.39,2.8409,1,attack
2025-01-02T00:06:23,1196.14,284.0,70.57,0.1237,3715.08,656.44,141.71,3.0904,1,attack
2025-01-02T00:06:23.500000,1195.2,281.87,73.5,0.118,4044.25,634.35,150.25,2.683,1,attack
2025-01-02T00:06:24,1222.96,281.82,68.55,0.1232,3798.78,643.87,140.64,2.8537,1,attack
2025-01-02T00:06:24.500000,1235.94,285.51,71.32,0.1197,3829.95,549.45,143.44,3.0824,1,attack
2025-01-02T00:06:25,1198.82,283.2,72.56,0.1263,3889.15,625.32,137.27,2.6671,1,attack
2025-01-02T00:06:25.500000,1200.56,285.18,69.22,0.1174,4020.18,613.6,122.81,3.1238,1,attack
2025-01-02T00:06:26,1178.6,282.99,73.53,0.1173,3425.71,625.4,145.58,2.7698,1,attack
2025-01-02T00:06:26.500000,1197.05,279.96,70.57,0.1188,3923.24,622.42,147.14,3.1328,1,attack
2025-01-02T00:06:27,1221.28,278.2,71.59,0.1232,3777.29,579.84,136.14,2.4614,1,attack
2025-01-02T00:06:27.500000,1193.34,282.07,71.48,0.1243,3547.03,602.19,132.01,3.0332,1,attack
2025-01-02T00:06:28,1227.15,286.54,72.44,0.1157,3837.85,592.18,140.29,2.7913,1,attack
2025-01-02T00:06:28.500000,1185.74,285.12,72.98,0.1264,3904.69,676.49,141.41,3.155,1,attack
2025-01-02T00:06:29,1210.45,286.03,71.76,0.1211,3882.0,584.85,144.9,2.5962,1,attack
2025-01-02T00:06:29.500000,1216.83,287.56,74.05,0.1169,3612.45,647.46,132.48,2.6494,1,attack
2025-01-02T00:06:30,1205.01,284.8,72.22,0.1219,3903.23,618.07,140.34,2.8385,1,attack
2025-01-02T00:06:30.500000,1200.85,279.07,73.09,0.1238,3921.11,633.9,133.07,2.608,1,attack
2025-01-02T00:06:31,1219.94,285.12,72.24,0.1208,3848.84,636.03,139.33,2.5242,1,attack
2025-01-02T00:06:31.500000,1216.52,287.47,70.14,0.1158,3967.77,647.75,121.35,2.9254,1,attack
2025-01-02T00:06:32,1194.7,285.32,72.19,0.1173,3924.01,602.93,145.23,3.0157,1,attack
2025-01-02T00:06:32.500000,1179.07,281.38,72.16,0.1254,3687.39,610.0,142.25,2.9623,1,attack
2025-01-02T00:06:33,1212.65,285.14,71.56,0.1212,3191.89,666.36,138.7,2.8812,1,attack
2025-01-02T00:06:33.500000,1250.39,281.83,75.36,0.1227,3884.84,635.97,134.11,2.568,1,attack
2025-01-02T00:06:34,1171.67,289.65,70.65,0.114,3784.93,634.25,140.27,2.9537,1,attack
2025-01-02T00:06:34.500000,1227.72,287.44,71.78,0.118,3946.45,626.83,133.97,3.0727,1,attack
2025-01-02T00:06:35,1206.29,287.79,71.44,0.1241,3498.78,661.55,126.43,2.6146,1,attack
2025-01-02T00:06:35.500000,1206.04,282.73,71.53,0.1181,3651.22,627.86,139.66,3.0013,1,attack
2025-01-02T00:06:36,1201.92,283.22,73.12,0.1134,3309.47,580.62,137.6,2.9169,1,attack
2025-01-02T00:06:36.500000,1135.89,284.95,71.49,0.1205,3437.56,684.86,140.23,2.6419,1,attack
2025-01-02T00:06:37,1203.11,291.39,70.15,0.1146,3777.57,619.19,144.97,3.1023,1,attack
2025-01-02T00:06:37.500000,1218.72,279.07,70.46,0.1171,3947.76,635.05,148.83,2.9454,1,attack
2025-01-02T00:06:38,1184.94,284.16,69.9,0.1223,3681.05,650.36,144.2,3.1814,1,attack
2025-01-02T00:06:38.500000,1210.08,286.71,71.74,0.1186,3750.86,644.78,130.56,2.8608,1,attack
2025-01-02T00:06:39,1160.01,286.59,71.34,0.1218,3658.93,613.63,144.43,2.8715,1,attack
2025-01-02T00:06:39.500000,1237.03,282.94,71.18,0.1245,3730.23,609.75,142.68,2.822,1,attack
2025-01-02T00:06:40,1192.52,282.04,73.96,0.1195,3693.19,612.64,142.48,3.0999,1,attack
2025-01-02T00:06:40.500000,1195.94,281.31,74.76,0.1205,3779.87,621.78,131.28,2.8422,1,attack
2025-01-02T00:06:41,1218.23,290.22,71.48,0.1207,4035.22,620.93,145.04,2.9226,1,attack
2025-01-02T00:06:41.500000,1184.06,281.08,73.53,0.1104,3672.96,585.4,147.43,3.0834,1,attack
2025-01-02T00:06:42,1182.62,296.82,73.98,0.1207,4085.0,604.09,138.06,2.9292,1,attack
2025-01-02T00:06:42.500000,1183.39,279.51,70.65,0.1193,3889.17,611.62,128.52,2.9304,1,attack
2025-01-02T00:06:43,1230.56,282.18,74.39,0.1231,3599.71,603.93,137.81,2.8183,1,attack
2025-01-02T00:06:43.500000,1141.48,281.78,71.2,0.1268,3843.12,600.21,136.93,2.9227,1,attack
2025-01-02T00:06:44,1190.93,282.5,71.2,0.1217,3537.47,593.04,133.51,2.6612,1,attack
2025-01-02T00:06:44.500000,1180.23,288.83,73.49,0.121,3840.81,603.38,125.43,2.8746,1,attack
2025-01-02T00:06:45,1207.15,282.12,70.45,0.1154,3831.85,622.03,148.36,2.7123,1,attack
2025-01-02T00:06:45.500000,1193.09,285.07,71.21,0.123,4035.25,592.58,136.79,3.0765,1,attack
2025-01-02T00:06:46,1207.76,285.5,72.49,0.1224,3873.94,625.3,140.07,3.0805,1,attack
2025-01-02T00:06:46.500000,1193.61,285.01,74.23,0.1212,3787.35,635.64,141.59,2.7236,1,attack
2025-01-02T00:06:47,1205.88,281.54,74.63,0.1209,3621.74,610.26,145.32,2.6634,1,attack
2025-01-02T00:06:47.500000,1265.29,278.78,73.33,0.1182,3646.32,633.34,136.82,3.1222,1,attack
2025-01-02T00:06:48,1166.37,287.4,71.6,0.1211,3897.68,577.06,141.64,3.0362,1,attack
2025-01-02T00:06:48.500000,1211.19,283.42,69.96,0.1218,4156.46,636.41,148.1,3.0095,1,attack
2025-01-02T00:06:49,1190.57,285.39,73.25,0.1143,3923.83,651.22,139.64,2.9892,1,attack
2025-01-02T00:06:49.500000,1186.7,285.16,71.61,0.1217,3780.14,578.43,134.97,3.1822,1,attack
2025-01-02T00:06:50,1213.62,276.03,73.74,0.1158,3969.74,652.05,140.71,2.6795,1,attack
2025-01-02T00:06:50.500000,1182.84,287.69,70.36,0.1179,3897.45,603.85,149.95,2.6725,1,attack
2025-01-02T00:06:51,1121.08,281.67,72.45,0.1231,3722.41,613.12,139.78,3.1479,1,attack
2025-01-02T00:06:51.500000,1209.09,282.89,74.95,0.12,3405.69,585.61,143.91,2.5461,1,attack
2025-01-02T00:06:52,1211.95,281.67,73.7,0.1206,3488.97,642.67,149.55,2.6317,1,attack
2025-01-02T00:06:52.500000,1180.73,287.15,72.98,0.1285,3969.27,679.54,140.14,2.9156,1,attack
2025-01-02T00:06:53,1186.36,282.77,72.21,0.1179,3312.82,603.46,147.54,2.8625,1,attack
2025-01-02T00:06:53.500000,1201.88,281.74,72.48,0.126,4066.13,629.07,134.02,3.1522,1,attack
2025-01-02T00:06:54,1225.42,278.67,69.47,0.1149,3706.2,642.36,146.15,2.9083,1,attack
2025-01-02T00:06:54.500000,1196.63,295.14,72.05,0.1197,3703.56,674.86,145.05,2.6731,1,attack
2025-01-02T00:06:55,1172.33,277.82,71.86,0.1146,3578.16,646.49,146.24,3.105,1,attack
2025-01-02T00:06:55.500000,1164.71,280.72,71.09,0.1259,3811.95,665.19,144.39,2.8308,1,attack
2025-01-02T00:06:56,1213.77,277.61,69.04,0.1209,3802.74,667.95,130.35,2.9137,1,attack
2025-01-02T00:06:56.500000,1216.69,286.47,73.58,0.1177,3958.12,633.93,148.16,2.7626,1,attack
2025-01-02T00:06:57,1171.53,282.31,70.47,0.118,3736.49,597.4,140.05,2.6484,1,attack
2025-01-02T00:06:57.500000,1198.24,282.88,71.83,0.1214,3720.54,600.71,135.42,3.025,1,attack
2025-01-02T00:06:58,1230.63,282.8,71.78,0.1139,3765.43,584.0,136.58,3.0342,1,attack
2025-01-02T00:06:58.500000,1163.95,281.14,70.71,0.114,3963.91,626.88,152.66,2.6798,1,attack
2025-01-02T00:06:59,1157.47,289.02,71.48,0.1183,4080.83,624.21,146.33,2.7435,1,attack
2025-01-02T00:06:59.500000,1182.6,283.44,72.97,0.1202,3888.91,555.44,126.83,2.4817,1,attack
2025-01-02T00:07:00,1190.9,279.03,74.43,0.1199,3841.17,592.97,132.15,3.1153,1,attack
2025-01-02T00:07:00.500000,1242.78,286.78,69.07,0.1185,3859.52,614.35,125.16,3.1663,1,attack
2025-01-02T00:07:01,1179.95,279.27,71.96,0.1243,3897.47,587.37,129.64,2.4752,1,attack
2025-01-02T00:07:01.500000,1193.0,282.98,72.74,0.1175,3985.0,636.24,134.9,2.9169,1,attack
2025-01-02T00:07:02,1231.9,280.89,71.69,0.1192,3732.03,639.89,146.17,2.9195,1,attack
2025-01-02T00:07:02.500000,1208.61,282.6,72.48,0.1154,4270.92,653.49,146.7,2.9198,1,attack
2025-01-02T00:07:03,1209.82,277.77,70.19,0.1159,3811.09,613.02,145.68,2.6849,1,attack
2025-01-02T00:07:03.500000,1224.64,281.49,71.4,0.1232,3895.88,588.96,147.45,2.8652,1,attack
2025-01-02T00:07:04,1148.59,281.4,71.41,0.1158,4055.12,610.71,143.22,2.8853,1,attack
2025-01-02T00:07:04.500000,1216.94,292.15,72.97,0.1263,3933.43,623.26,142.25,2.4011,1,attack
2025-01-02T00:07:05,1189.08,284.39,72.63,0.1199,3863.44,587.18,128.93,2.6477,1,attack
2025-01-02T00:07:05.500000,1237.71,279.58,70.86,0.1204,3497.59,598.37,144.74,2.7751,1,attack
2025-01-02T00:07:06,1240.4,277.74,71.5,0.1184,3798.3,589.58,135.94,2.9849,1,attack
2025-01-02T00:07:06.500000,1193.53,280.43,75.0,0.1202,3916.54,638.95,139.5,2.715,1,attack
2025-01-02T00:07:07,1204.78,282.01,72.54,0.1194,3995.59,591.69,145.03,2.955,1,attack
2025-01-02T00:07:07.500000,1194.26,288.12,72.6,0.1224,3914.67,621.24,135.83,2.7461,1,attack
2025-01-02T00:07:08,1194.85,288.6,72.91,0.1236,4010.19,614.62,153.74,2.8322,1,attack
2025-01-02T00:07:08.500000,1188.15,286.42,72.7,0.1173,3769.86,608.92,140.99,2.9861,1,attack
2025-01-02T00:07:09,1193.62,287.45,70.0,0.1232,3713.85,608.31,142.8,2.9274,1,attack
2025-01-02T00:07:09.500000,1197.3,281.2,71.31,0.1203,3893.07,599.59,135.52,2.895,1,attack
2025-01-02T00:07:10,1198.0,285.63,68.24,0.1189,3962.12,604.73,143.41,2.6433,1,attack
2025-01-02T00:07:10.500000,1162.49,286.79,71.92,0.1188,3960.83,612.27,135.57,2.7233,1,attack
2025-01-02T00:07:11,1177.14,286.99,71.55,0.1241,3239.06,642.89,142.52,2.8345,1,attack
2025-01-02T00:07:11.500000,1169.01,277.9,73.08,0.1209,3842.41,617.46,145.95,2.7498,1,attack
2025-01-02T00:07:12,1191.93,284.25,71.69,0.1248,3561.66,571.53,129.82,2.9669,1,attack
2025-01-02T00:07:12.500000,1197.58,278.17,72.14,0.1188,3906.3,639.7,157.63,2.6479,1,attack
2025-01-02T00:07:13,1155.29,287.52,73.42,0.1154,3557.8,628.54,152.0,2.7001,1,attack
2025-01-02T00:07:13.500000,1202.09,276.88,71.71,0.1196,4078.83,602.47,144.8,2.718,1,attack
2025-01-02T00:07:14,1202.17,293.88,74.58,0.1271,3875.54,614.79,141.99,2.9297,1,attack
2025-01-02T00:07:14.500000,1209.34,281.96,70.92,0.1179,4003.36,649.24,162.28,2.9228,1,attack
2025-01-02T00:07:15,1181.08,282.95,71.77,0.1254,3939.26,586.6,139.6,2.5984,1,attack
2025-01-02T00:07:15.500000,1214.22,281.98,71.12,0.1132,3943.8,649.97,135.15,2.8223,1,attack
2025-01-02T00:07:16,1188.5,284.07,70.82,0.116,4060.04,554.54,143.53,2.8984,1,attack
2025-01-02T00:07:16.500000,1239.69,283.99,71.47,0.1171,3867.56,602.44,132.1,2.724,1,attack
2025-01-02T00:07:17,1177.28,280.7,72.12,0.1193,3904.42,623.65,131.58,2.487,1,attack
2025-01-02T00:07:17.500000,1174.65,288.27,73.07,0.1235,3959.21,646.96,142.84,3.1583,1,attack
2025-01-02T00:07:18,1207.05,293.55,71.1,0.1177,3763.45,619.07,137.75,2.9423,1,attack
2025-01-02T00:07:18.500000,1197.54,282.4,71.43,0.1244,3860.26,578.43,150.57,2.9241,1,attack
2025-01-02T00:07:19,1215.34,288.97,73.41,0.1167,3596.66,679.43,135.11,2.9147,1,attack
2025-01-02T00:07:19.500000,1239.16,283.1,71.48,0.1233,3840.45,632.28,139.44,2.76,1,attack
2025-01-02T00:07:20,1192.01,290.1,71.57,0.1215,3615.93,670.6,142.23,2.9081,1,attack
2025-01-02T00:07:20.500000,1222.23,282.94,73.72,0.1145,3683.26,600.13,126.84,2.7596,1,attack
2025-01-02T00:07:21,1198.75,280.34,70.22,0.1201,3784.8,613.41,131.14,2.7825,1,attack
2025-01-02T00:07:21.500000,1184.01,285.37,71.2,0.1199,3550.94,585.36,143.9,2.9809,1,attack
2025-01-02T00:07:22,1190.57,285.12,71.35,0.124,3761.41,607.63,146.76,2.7176,1,attack
2025-01-02T00:07:22.500000,1203.76,280.52,72.96,0.1229,3555.15,584.17,142.02,3.1819,1,attack
2025-01-02T00:07:23,1221.22,284.09,70.77,0.1156,3936.24,642.88,135.58,2.8078,1,attack
2025-01-02T00:07:23.500000,1201.13,292.75,72.09,0.1165,3580.24,597.4,148.85,2.9377,1,attack
2025-01-02T00:07:24,1191.71,272.49,70.77,0.1212,3866.91,628.52,130.57,2.8803,1,attack
2025-01-02T00:07:24.500000,1176.58,285.01,70.89,0.1239,3864.11,616.45,149.66,2.7863,1,attack
2025-01-02T00:07:25,1166.04,289.51,72.36,0.1189,3677.69,632.67,145.7,2.7189,1,attack
2025-01-02T00:07:25.500000,1213.57,286.07,70.81,0.12,3696.14,650.76,135.46,3.108,1,attack
2025-01-02T00:07:26,1203.15,277.54,68.87,0.1192,4053.39,650.52,141.16,2.724,1,attack
2025-01-02T00:07:26.500000,1189.98,285.89,73.57,0.122,3983.97,635.96,146.57,2.4633,1,attack
2025-01-02T00:07:27,1178.58,280.28,70.27,0.12,3525.02,596.59,139.31,2.5758,1,attack
2025-01-02T00:07:27.500000,1188.33,287.73,70.24,0.1229,3646.83,626.74,132.26,2.9275,1,attack
2025-01-02T00:07:28,1192.71,286.99,71.21,0.122,3960.91,622.97,136.64,2.81,1,attack
2025-01-02T00:07:28.500000,1169.66,285.87,72.9,0.1256,4048.58,595.76,141.48,2.8273,1,attack
2025-01-02T00:07:29,1229.23,281.97,73.26,0.1164,3779.86,598.06,126.24,2.6953,1,attack
2025-01-02T00:07:29.500000,1193.82,291.1,70.43,0.1178,3526.33,648.65,136.78,2.7921,1,attack
2025-01-02T00:07:30,1191.65,276.66,69.89,0.1166,3917.04,558.02,143.79,2.9087,1,attack
2025-01-02T00:07:30.500000,1156.44,283.64,73.68,0.1161,3695.12,688.47,142.28,2.8059,1,attack
2025-01-02T00:07:31,1188.55,286.59,72.99,0.1122,3375.55,595.25,138.92,2.8629,1,attack
2025-01-02T00:07:31.500000,1159.12,284.12,71.9,0.1169,3698.45,601.98,143.25,2.8512,1,attack
2025-01-02T00:07:32,1172.59,289.08,70.03,0.1138,3753.42,613.79,140.51,2.648,1,attack
2025-01-02T00:07:32.500000,1221.43,292.33,71.97,0.1211,3398.12,609.21,135.13,2.7033,1,attack
2025-01-02T00:07:33,1184.22,282.62,69.9,0.1182,3602.08,639.55,142.31,2.9067,1,attack
2025-01-02T00:07:33.500000,1223.44,281.47,72.39,0.1239,3629.73,569.68,135.17,3.0136,1,attack
2025-01-02T00:07:34,1177.13,283.01,70.88,0.1193,3600.78,583.22,136.91,2.8038,1,attack
2025-01-02T00:07:34.500000,1226.8,285.28,70.31,0.1174,3935.56,609.49,132.35,2.8641,1,attack
2025-01-02T00:07:35,1181.04,287.04,72.52,0.1159,4139.14,616.95,121.35,2.9151,1,attack
2025-01-02T00:07:35.500000,1137.64,289.45,72.08,0.1195,3783.92,632.44,136.04,2.8338,1,attack
2025-01-02T00:07:36,1200.8,272.32,72.73,0.1224,3869.81,627.36,150.58,2.8279,1,attack
2025-01-02T00:07:36.500000,1197.73,281.85,69.12,0.1213,3680.45,570.16,138.88,2.8178,1,attack
2025-01-02T00:07:37,1192.44,285.22,69.63,0.1233,3866.22,648.71,135.52,2.909,1,attack
2025-01-02T00:07:37.500000,1153.11,281.07,69.9,0.1206,3574.01,607.05,139.38,2.7658,1,attack
2025-01-02T00:07:38,1166.37,291.67,72.04,0.1257,3587.81,608.57,140.01,3.0975,1,attack
2025-01-02T00:07:38.500000,1237.51,282.78,70.83,0.1197,4011.93,621.26,141.63,3.0391,1,attack
2025-01-02T00:07:39,1222.68,289.2,72.9,0.1249,3569.14,675.78,147.42,2.8226,1,attack
2025-01-02T00:07:39.500000,1226.63,283.51,72.68,0.1221,3963.81,608.6,146.18,2.7744,1,attack
2025-01-02T00:07:40,1217.54,284.92,69.37,0.1173,3961.14,612.47,148.49,2.6425,1,attack
2025-01-02T00:07:40.500000,1216.71,284.8,71.64,0.1158,3839.9,594.98,135.55,2.8259,1,attack
2025-01-02T00:07:41,1191.22,289.39,68.27,0.1194,3731.07,619.79,136.19,3.0251,1,attack
2025-01-02T00:07:41.500000,1193.81,285.57,73.28,0.1202,3558.85,609.42,139.13,2.5684,1,attack
2025-01-02T00:07:42,1182.92,284.71,74.9,0.1213,3829.97,661.93,144.11,2.9746,1,attack
2025-01-02T00:07:42.500000,1190.23,279.59,72.38,0.1266,4087.48,636.31,135.19,2.5848,1,attack
2025-01-02T00:07:43,1180.27,285.93,71.32,0.1236,3517.05,616.81,134.63,3.0195,1,attack
2025-01-02T00:07:43.500000,1213.02,281.45,73.23,0.1142,3460.57,598.05,126.12,2.8308,1,attack
2025-01-02T00:07:44,1198.06,283.27,72.78,0.1174,3553.45,600.23,131.46,2.7454,1,attack
2025-01-02T00:07:44.500000,1214.3,277.49,71.51,0.1234,4003.62,603.09,155.49,2.6702,1,attack
2025-01-02T00:07:45,1194.52,280.0,72.62,0.1301,4150.31,640.99,135.75,2.8213,1,attack
2025-01-02T00:07:45.500000,1226.79,288.2,72.12,0.1205,4000.58,652.32,129.49,2.8888,1,attack
2025-01-02T00:07:46,1213.88,282.73,73.84,0.119,4048.29,610.87,141.82,2.8906,1,attack
2025-01-02T00:07:46.500000,1239.9,288.17,71.34,0.119,3747.53,620.46,133.39,2.8361,1,attack
2025-01-02T00:07:47,1232.83,290.66,69.75,0.1138,3687.31,575.88,131.16,2.9101,1,attack
2025-01-02T00:07:47.500000,1199.09,277.64,73.68,0.1185,3701.53,645.21,142.88,2.8427,1,attack
2025-01-02T00:07:48,1188.13,287.44,71.38,0.1192,3576.47,648.34,150.87,2.8862,1,attack
2025-01-02T00:07:48.500000,1188.33,289.0,72.85,0.1184,4018.72,609.47,131.0,2.8387,1,attack
2025-01-02T00:07:49,1226.02,285.44,70.31,0.1185,4027.3,626.79,139.87,2.8277,1,attack
2025-01-02T00:07:49.500000,1225.92,289.34,69.98,0.1234,3898.12,659.51,139.52,3.0441,1,attack
2025-01-02T00:07:50,1211.25,280.24,73.47,0.1229,3676.51,627.18,154.75,2.7674,1,attack
2025-01-02T00:07:50.500000,1217.43,280.32,71.18,0.1229,3848.77,615.01,151.92,2.6924,1,attack
2025-01-02T00:07:51,1196.5,287.1,70.75,0.1218,4004.19,617.16,135.2,2.7966,1,attack
2025-01-02T00:07:51.500000,1135.72,289.3,72.38,0.1194,3483.31,647.5,136.94,2.9467,1,attack
2025-01-02T00:07:52,1199.73,278.1,73.83,0.1239,3945.17,627.81,131.62,2.9986,1,attack
2025-01-02T00:07:52.500000,1252.92,285.5,72.2,0.116,3406.62,611.09,150.37,3.0798,1,attack
2025-01-02T00:07:53,1198.43,286.84,70.25,0.1204,3700.36,621.36,138.08,2.8,1,attack
2025-01-02T00:07:53.500000,1223.91,293.4,71.76,0.1251,3564.1,617.71,130.93,2.7966,1,attack
2025-01-02T00:07:54,1217.18,289.78,70.88,0.1216,4033.7,646.98,141.81,2.7492,1,attack
2025-01-02T00:07:54.500000,1183.47,281.4,71.95,0.117,3928.83,625.66,141.28,2.5353,1,attack
2025-01-02T00:07:55,1200.67,283.04,75.12,0.1154,3760.97,629.5,133.19,3.1797,1,attack
2025-01-02T00:07:55.500000,1246.77,281.33,71.15,0.1277,4065.1,610.84,143.02,2.6129,1,attack
2025-01-02T00:07:56,1252.72,285.31,72.84,0.1166,3584.14,631.19,153.41,2.7576,1,attack
2025-01-02T00:07:56.500000,1176.5,286.3,74.36,0.1177,3752.52,640.76,146.61,2.8014,1,attack
2025-01-02T00:07:57,1226.32,287.26,72.02,0.1232,3945.27,594.03,150.38,2.9091,1,attack
2025-01-02T00:07:57.500000,1233.01,285.22,72.36,0.1214,3903.9,657.9,143.27,2.8452,1,attack
2025-01-02T00:07:58,1224.23,286.84,76.26,0.121,4035.16,641.88,125.65,2.724,1,attack
2025-01-02T00:07:58.500000,1189.45,278.59,71.43,0.1151,3589.26,625.99,153.44,2.6171,1,attack
2025-01-02T00:07:59,1170.83,282.72,71.79,0.1144,3667.17,600.37,142.23,2.9228,1,attack
2025-01-02T00:07:59.500000,1196.33,283.39,70.98,0.1202,3614.54,658.37,129.51,2.7378,1,attack
2025-01-02T00:08:00,1220.84,283.3,72.97,0.1262,3958.29,590.19,131.92,2.818,1,attack
2025-01-02T00:08:00.500000,1210.63,290.16,70.87,0.1183,3752.38,613.29,150.47,2.8322,1,attack
2025-01-02T00:08:01,1203.67,288.9,74.29,0.1199,4039.25,665.33,139.23,2.7536,1,attack
2025-01-02T00:08:01.500000,1252.49,289.79,72.02,0.1223,3601.45,647.51,127.4,3.0331,1,attack
2025-01-02T00:08:02,1182.68,277.93,69.12,0.1183,3935.11,585.53,131.35,2.7655,1,attack
2025-01-02T00:08:02.500000,1219.38,288.99,72.2,0.1235,3930.65,609.66,146.37,2.6304,1,attack
2025-01-02T00:08:03,1211.68,280.02,72.21,0.1244,3840.51,619.69,141.58,2.9634,1,attack
2025-01-02T00:08:03.500000,1251.22,287.79,71.28,0.1192,3628.79,589.27,122.97,2.7711,1,attack
2025-01-02T00:08:04,1166.29,285.41,71.27,0.1161,3400.33,611.34,127.73,2.9708,1,attack
2025-01-02T00:08:04.500000,1206.12,284.03,74.09,0.12,3873.36,637.05,136.38,2.7626,1,attack
2025-01-02T00:08:05,1200.99,279.24,74.57,0.1206,3761.82,671.72,132.29,3.1127,1,attack
2025-01-02T00:08:05.500000,1219.52,289.78,71.75,0.1202,3734.77,644.71,142.74,2.7545,1,attack
2025-01-02T00:08:06,1187.7,284.94,71.52,0.1252,3953.56,639.99,141.64,2.7087,1,attack
2025-01-02T00:08:06.500000,1216.71,276.03,72.25,0.1171,3631.07,608.51,139.41,2.846,1,attack
2025-01-02T00:08:07,1218.97,284.26,71.85,0.115,3559.58,627.12,144.41,2.8055,1,attack
2025-01-02T00:08:07.500000,1222.39,278.98,72.57,0.1169,3623.16,601.03,139.43,2.9251,1,attack
2025-01-02T00:08:08,1208.71,283.76,72.91,0.1261,3777.31,622.35,135.72,2.783,1,attack
2025-01-02T00:08:08.500000,1229.96,290.38,71.71,0.1218,3974.89,608.93,130.86,2.9679,1,attack
2025-01-02T00:08:09,1221.51,288.2,71.46,0.1255,3854.01,591.54,128.83,2.7992,1,attack
2025-01-02T00:08:09.500000,1205.4,283.77,74.87,0.1215,3615.1,563.7,141.65,3.0191,1,attack
2025-01-02T00:08:10,1244.73,284.13,74.48,0.1151,3734.66,594.84,145.54,2.6275,1,attack
2025-01-02T00:08:10.500000,1209.64,279.69,74.53,0.1187,3871.81,575.64,129.54,2.7177,1,attack
2025-01-02T00:08:11,1220.41,287.82,73.56,0.1146,3896.31,606.11,134.34,2.7581,1,attack
2025-01-02T00:08:11.500000,1197.2,287.83,73.62,0.1219,3920.32,665.21,144.88,2.8134,1,attack
2025-01-02T00:08:12,1213.95,292.3,70.75,0.1184,4075.52,612.8,145.35,3.0704,1,attack
2025-01-02T00:08:12.500000,1169.86,283.25,73.73,0.1195,3416.47,607.35,145.56,3.0683,1,attack
2025-01-02T00:08:13,1201.22,287.07,71.47,0.1233,4070.79,639.05,139.17,2.9242,1,attack
2025-01-02T00:08:13.500000,1222.86,285.12,73.15,0.1213,4069.68,637.36,136.51,3.0902,1,attack
2025-01-02T00:08:14,1211.04,284.4,70.05,0.1208,4148.63,552.31,121.17,2.9812,1,attack
2025-01-02T00:08:14.500000,1205.67,287.87,71.24,0.1123,3641.92,658.69,136.84,2.7743,1,attack
2025-01-02T00:08:15,1136.89,277.29,73.6,0.1191,3988.33,601.31,129.73,2.8054,1,attack
2025-01-02T00:08:15.500000,1186.25,281.44,70.84,0.1195,3706.6,596.88,152.63,2.9283,1,attack
2025-01-02T00:08:16,1203.8,284.72,72.96,0.1219,3603.49,582.0,124.08,3.1564,1,attack
2025-01-02T00:08:16.500000,1189.31,287.53,72.29,0.1233,3787.74,587.07,132.74,2.79,1,attack
2025-01-02T00:08:17,1161.95,281.35,70.27,0.1188,3705.75,622.96,145.98,2.8085,1,attack
2025-01-02T00:08:17.500000,1163.94,276.24,72.23,0.1176,3770.1,628.17,150.1,2.5512,1,attack
2025-01-02T00:08:18,1175.7,284.64,70.36,0.1146,4048.82,594.01,130.84,2.6537,1,attack
2025-01-02T00:08:18.500000,1226.06,282.03,70.0,0.117,3790.85,642.12,145.65,2.717,1,attack
2025-01-02T00:08:19,1187.25,293.99,73.43,0.1191,3363.92,608.62,130.71,2.7025,1,attack
2025-01-02T00:08:19.500000,1176.83,284.01,72.1,0.1174,3557.24,615.56,136.51,2.5255,1,attack
